{"metadata":{},"options":{"assumptions":{},"compact":false,"sourceMaps":true,"ast":true,"babelrc":false,"configFile":false,"parserOpts":{"sourceType":"module","sourceFileName":"/home/matheuswm/Downloads/teste/imports/ui/InputLogin.jsx","plugins":["*","flow","jsx","asyncGenerators","bigInt","classPrivateMethods","classPrivateProperties","classProperties","doExpressions","dynamicImport","exportDefaultFrom","exportExtensions","exportNamespaceFrom","functionBind","functionSent","importMeta","nullishCoalescingOperator","numericSeparator","objectRestSpread","optionalCatchBinding","optionalChaining",["pipelineOperator",{"proposal":"minimal"}],"throwExpressions","classProperties","classPrivateProperties","jsx","nullishCoalescingOperator","nullishCoalescingOperator","optionalChaining","optionalCatchBinding","optionalCatchBinding","classProperties","classPrivateProperties","classPrivateMethods","classProperties","classPrivateProperties","asyncGenerators","asyncGenerators","objectRestSpread","objectRestSpread","logicalAssignment"],"allowImportExportEverywhere":true,"allowReturnOutsideFunction":true,"allowUndeclaredExports":true,"strictMode":false},"caller":{"name":"meteor","arch":"web.browser"},"sourceFileName":"imports/ui/InputLogin.jsx","filename":"/home/matheuswm/Downloads/teste/imports/ui/InputLogin.jsx","inputSourceMap":{"version":3,"sources":["imports/ui/InputLogin.jsx"],"names":["React","LoginInput","type","text","placeholder","name","e","set","target","value"],"mappings":"AAAA,OAAOA,KAAP,MAAkB,OAAlB;AAGA,OAAO,MAAMC,UAAU,GAAIC,IAAD,IAAS;AAEnC,SACE;AACF,IAAI,CAAC,KAAD,CAAO,CAACA,IAAI,CAACC,IAAN,CAAW,EAAE,KAAF,CAAQ,CAAC,CAAD;AAC9B,IAAI,CAAC,KAAD,CACQ,KAAK,CAACD,IAAI,CAACA,IAAN,CADb,CAEQ,YAAY,CAACA,IAAI,CAACE,WAAN,CAFpB,CAGQ,KAAK,CAACF,IAAI,CAACG,IAAN,CAHb,CAIQ,QAJR,CAKQ,SAAS,CAACC,CAAC,IAAIJ,IAAI,CAACK,GAAL,CAASD,CAAC,CAACE,MAAF,CAASC,KAAlB,CAAN,CALjB;AAOJ,IAAI,EAAE,CAAF;AACJ,EAAE,GAXF;AAaC,CAfM;KAAMR,U","sourcesContent":["import React from 'react';\n\n\nexport const LoginInput = (type) =>{\n\nreturn (\n  <>\n    <label>{type.text}</label><p>\n    <input\n            type={type.type}\n            placeholder={type.placeholder}\n            name={type.name}\n            required\n            onChange={e => type.set(e.target.value)}\n          />\n    </p>\n  </>\n)\n}\n"]},"targets":{},"cloneInputAst":true,"browserslistConfigFile":false,"passPerPreset":false,"envName":"development","cwd":"/home/matheuswm/Downloads/teste","root":"/home/matheuswm/Downloads/teste","rootMode":"root","plugins":[{"key":"base$0","visitor":{"_exploded":true,"_verified":true},"options":{}},{"key":"base$0$0","visitor":{"Program":{"enter":[null],"exit":[null]},"_exploded":true,"_verified":true},"options":{"avoidModernSyntax":false,"enforceStrictMode":false,"dynamicImport":true,"generateLetDeclarations":true}},{"key":"transform-runtime","visitor":{"MemberExpression":{"enter":[null]},"ObjectPattern":{"enter":[null]},"BinaryExpression":{"enter":[null]},"_exploded":{},"_verified":{},"Identifier":{"enter":[null]},"JSXIdentifier":{"enter":[null]}},"options":{"version":"7.15.3","helpers":true,"useESModules":false,"corejs":false}},{"key":"proposal-class-properties","visitor":{"PrivateName":{"enter":[null]},"ExportDefaultDeclaration":{"enter":[null]},"_exploded":true,"_verified":true,"ClassExpression":{"enter":[null]},"ClassDeclaration":{"enter":[null]}},"options":{"loose":true}},{"key":"transform-react-jsx","visitor":{"_exploded":{},"_verified":{},"JSXNamespacedName":{"enter":[null]},"JSXSpreadChild":{"enter":[null]},"Program":{"enter":[null]},"JSXElement":{"exit":[null]},"JSXFragment":{"exit":[null]},"JSXAttribute":{"enter":[null]}},"options":{"pragma":"React.createElement","pragmaFrag":"React.Fragment","runtime":"classic","throwIfNamespace":true,"useBuiltIns":false}},{"key":"transform-react-display-name","visitor":{"ExportDefaultDeclaration":{"enter":[null]},"CallExpression":{"enter":[null]},"_exploded":true,"_verified":true},"options":{}},{"key":"transform-react-pure-annotations","visitor":{"CallExpression":{"enter":[null]},"_exploded":true,"_verified":true},"options":{}},{"key":"syntax-nullish-coalescing-operator","visitor":{"_exploded":true,"_verified":true},"options":{}},{"key":"proposal-nullish-coalescing-operator","visitor":{"_exploded":{},"_verified":{},"LogicalExpression":{"enter":[null]}},"options":{}},{"key":"syntax-optional-chaining","visitor":{"_exploded":true,"_verified":true},"options":{}},{"key":"proposal-optional-chaining","visitor":{"_exploded":true,"OptionalCallExpression":{"enter":[null]},"OptionalMemberExpression":{"enter":[null]},"_verified":true},"options":{}},{"key":"syntax-optional-catch-binding","visitor":{"_exploded":true,"_verified":true},"options":{}},{"key":"proposal-optional-catch-binding","visitor":{"_exploded":{},"_verified":{},"CatchClause":{"enter":[null]}},"options":{}},{"key":"syntax-class-properties","visitor":{"_exploded":true,"_verified":true},"options":{}},{"key":"proposal-class-properties","visitor":{"PrivateName":{"enter":[null]},"ExportDefaultDeclaration":{"enter":[null]},"_exploded":true,"_verified":true,"ClassExpression":{"enter":[null]},"ClassDeclaration":{"enter":[null]}},"options":{}},{"key":"syntax-async-generators","visitor":{"_exploded":true,"_verified":true},"options":{}},{"key":"proposal-async-generator-functions","visitor":{"_exploded":{},"_verified":{},"Program":{"enter":[null]}},"options":{}},{"key":"syntax-object-rest-spread","visitor":{"_exploded":true,"_verified":true},"options":{}},{"key":"proposal-object-rest-spread","visitor":{"_exploded":{},"_verified":{},"VariableDeclarator":{"enter":[null]},"ExportNamedDeclaration":{"enter":[null]},"CatchClause":{"enter":[null]},"AssignmentExpression":{"enter":[null]},"ArrayPattern":{"enter":[null]},"ObjectExpression":{"enter":[null]},"FunctionDeclaration":{"enter":[null]},"FunctionExpression":{"enter":[null]},"ObjectMethod":{"enter":[null]},"ArrowFunctionExpression":{"enter":[null]},"ClassMethod":{"enter":[null]},"ClassPrivateMethod":{"enter":[null]},"ForInStatement":{"enter":[null]},"ForOfStatement":{"enter":[null]}},"options":{}},{"key":"proposal-logical-assignment-operators","visitor":{"_exploded":{},"_verified":{},"AssignmentExpression":{"enter":[null]}},"options":{}},{"key":"transform-literals","visitor":{"NumericLiteral":{"enter":[null]},"StringLiteral":{"enter":[null]},"_exploded":true,"_verified":true},"options":{}},{"key":"transform-template-literals","visitor":{"TaggedTemplateExpression":{"enter":[null]},"TemplateLiteral":{"enter":[null]},"_exploded":true,"_verified":true},"options":{}},{"key":"transform-parameters","visitor":{"_exploded":true,"_verified":true,"FunctionDeclaration":{"enter":[null]},"FunctionExpression":{"enter":[null]},"ObjectMethod":{"enter":[null]},"ArrowFunctionExpression":{"enter":[null]},"ClassMethod":{"enter":[null]},"ClassPrivateMethod":{"enter":[null]}},"options":{}},{"key":"transform-exponentiation-operator","visitor":{"AssignmentExpression":{"enter":[null]},"BinaryExpression":{"enter":[null]},"_exploded":true,"_verified":true},"options":{}}],"presets":[],"generatorOpts":{"filename":"/home/matheuswm/Downloads/teste/imports/ui/InputLogin.jsx","comments":true,"compact":false,"sourceMaps":true,"sourceFileName":"imports/ui/InputLogin.jsx"}},"code":"module.export({\n  LoginInput: () => LoginInput\n});\nlet React;\nmodule.link(\"react\", {\n  default(v) {\n    React = v;\n  }\n\n}, 0);\n\nconst LoginInput = type => {\n  return /*#__PURE__*/React.createElement(React.Fragment, null, /*#__PURE__*/React.createElement(\"label\", null, type.text), /*#__PURE__*/React.createElement(\"p\", null, /*#__PURE__*/React.createElement(\"input\", {\n    type: type.type,\n    placeholder: type.placeholder,\n    name: type.name,\n    required: true,\n    onChange: e => type.set(e.target.value)\n  })));\n};\n\n_c = LoginInput;\n\nvar _c;\n\n$RefreshReg$(_c, \"LoginInput\");","map":{"version":3,"sources":["imports/ui/InputLogin.jsx"],"names":["LoginInput","type","e"],"mappings":"AAAA,MAAA,CAAA,MAAA,CAAA;AAAA,EAAA,UAAA,EAAA,MAAA;AAAA,CAAA;AAAA,IAAA,KAAA;AAAA,MAAA,CAAA,IAAA,CAAA,OAAA,EAAA;AAAA,EAAA,OAAA,CAAA,CAAA,EAAA;AAAA,IAAA,KAAA,GAAA,CAAA;AAAA;;AAAA,CAAA,EAAA,CAAA;;AAGO,MAAMA,UAAU,GAAIC,IAAD,IAAS;AAEnC,sBACE,uDACE,mCAAQA,IAAI,CAAL,IAAP,CADF,eAC4B,4CAC1B;AACQ,IAAA,IAAA,EAAMA,IAAI,CADlB,IAAA;AAEQ,IAAA,WAAA,EAAaA,IAAI,CAFzB,WAAA;AAGQ,IAAA,IAAA,EAAMA,IAAI,CAHlB,IAAA;AAIQ,IAAA,QAJR,MAAA;AAKQ,IAAA,QAAA,EAAUC,CAAC,IAAID,IAAI,CAAJA,GAAAA,CAASC,CAAC,CAADA,MAAAA,CALhC,KAKuBD;AALvB,IAD0B,CAD5B,CADF;AAFO,CAAA;;KAAMD,U","sourcesContent":["import React from 'react';\n\n\nexport const LoginInput = (type) =>{\n\nreturn (\n  <>\n    <label>{type.text}</label><p>\n    <input\n            type={type.type}\n            placeholder={type.placeholder}\n            name={type.name}\n            required\n            onChange={e => type.set(e.target.value)}\n          />\n    </p>\n  </>\n)\n}\n"]},"sourceType":"module","hash":"09df016c4005bd6dd0efdf1926ef1e5826300ecf"}
