{"metadata":{},"options":{"assumptions":{},"compact":false,"sourceMaps":true,"ast":true,"babelrc":false,"configFile":false,"parserOpts":{"sourceType":"module","sourceFileName":"/home/matheuswm/Downloads/teste/imports/ui/App.jsx","plugins":["*","flow","jsx","asyncGenerators","bigInt","classPrivateMethods","classPrivateProperties","classProperties","doExpressions","dynamicImport","exportDefaultFrom","exportExtensions","exportNamespaceFrom","functionBind","functionSent","importMeta","nullishCoalescingOperator","numericSeparator","objectRestSpread","optionalCatchBinding","optionalChaining",["pipelineOperator",{"proposal":"minimal"}],"throwExpressions","classProperties","classPrivateProperties","jsx","nullishCoalescingOperator","nullishCoalescingOperator","optionalChaining","optionalCatchBinding","optionalCatchBinding","classProperties","classPrivateProperties","classPrivateMethods","classProperties","classPrivateProperties","asyncGenerators","asyncGenerators","objectRestSpread","objectRestSpread","logicalAssignment"],"allowImportExportEverywhere":true,"allowReturnOutsideFunction":true,"allowUndeclaredExports":true,"strictMode":false},"caller":{"name":"meteor","arch":"web.cordova"},"sourceFileName":"imports/ui/App.jsx","filename":"/home/matheuswm/Downloads/teste/imports/ui/App.jsx","targets":{},"cloneInputAst":true,"browserslistConfigFile":false,"passPerPreset":false,"envName":"development","cwd":"/home/matheuswm/Downloads/teste","root":"/home/matheuswm/Downloads/teste","rootMode":"root","plugins":[{"key":"base$0","visitor":{"_exploded":true,"_verified":true},"options":{}},{"key":"base$0$0","visitor":{"Program":{"enter":[null],"exit":[null]},"_exploded":true,"_verified":true},"options":{"avoidModernSyntax":true,"enforceStrictMode":false,"dynamicImport":true}},{"key":"transform-runtime","visitor":{"MemberExpression":{"enter":[null]},"ObjectPattern":{"enter":[null]},"BinaryExpression":{"enter":[null]},"_exploded":{},"_verified":{},"Identifier":{"enter":[null]},"JSXIdentifier":{"enter":[null]}},"options":{"version":"7.15.3","helpers":true,"useESModules":false,"corejs":false}},{"key":"proposal-class-properties","visitor":{"PrivateName":{"enter":[null]},"ExportDefaultDeclaration":{"enter":[null]},"_exploded":true,"_verified":true,"ClassExpression":{"enter":[null]},"ClassDeclaration":{"enter":[null]}},"options":{"loose":true}},{"key":"base$0$3","visitor":{"FunctionExpression":{"exit":[null]},"_exploded":true,"_verified":true},"options":{}},{"key":"base$0$4","visitor":{"ForInStatement":{"enter":[null]},"_exploded":true,"_verified":true},"options":{}},{"key":"transform-react-jsx","visitor":{"_exploded":{},"_verified":{},"JSXNamespacedName":{"enter":[null]},"JSXSpreadChild":{"enter":[null]},"Program":{"enter":[null]},"JSXElement":{"exit":[null]},"JSXFragment":{"exit":[null]},"JSXAttribute":{"enter":[null]}},"options":{"pragma":"React.createElement","pragmaFrag":"React.Fragment","runtime":"classic","throwIfNamespace":true,"useBuiltIns":false}},{"key":"transform-react-display-name","visitor":{"ExportDefaultDeclaration":{"enter":[null]},"CallExpression":{"enter":[null]},"_exploded":true,"_verified":true},"options":{}},{"key":"transform-react-pure-annotations","visitor":{"CallExpression":{"enter":[null]},"_exploded":true,"_verified":true},"options":{}},{"key":"syntax-nullish-coalescing-operator","visitor":{"_exploded":true,"_verified":true},"options":{}},{"key":"proposal-nullish-coalescing-operator","visitor":{"_exploded":{},"_verified":{},"LogicalExpression":{"enter":[null]}},"options":{}},{"key":"syntax-optional-chaining","visitor":{"_exploded":true,"_verified":true},"options":{}},{"key":"proposal-optional-chaining","visitor":{"_exploded":true,"OptionalCallExpression":{"enter":[null]},"OptionalMemberExpression":{"enter":[null]},"_verified":true},"options":{}},{"key":"syntax-optional-catch-binding","visitor":{"_exploded":true,"_verified":true},"options":{}},{"key":"proposal-optional-catch-binding","visitor":{"_exploded":{},"_verified":{},"CatchClause":{"enter":[null]}},"options":{}},{"key":"syntax-class-properties","visitor":{"_exploded":true,"_verified":true},"options":{}},{"key":"proposal-class-properties","visitor":{"PrivateName":{"enter":[null]},"ExportDefaultDeclaration":{"enter":[null]},"_exploded":true,"_verified":true,"ClassExpression":{"enter":[null]},"ClassDeclaration":{"enter":[null]}},"options":{}},{"key":"syntax-async-generators","visitor":{"_exploded":true,"_verified":true},"options":{}},{"key":"proposal-async-generator-functions","visitor":{"_exploded":{},"_verified":{},"Program":{"enter":[null]}},"options":{}},{"key":"syntax-object-rest-spread","visitor":{"_exploded":true,"_verified":true},"options":{}},{"key":"proposal-object-rest-spread","visitor":{"_exploded":{},"_verified":{},"VariableDeclarator":{"enter":[null]},"ExportNamedDeclaration":{"enter":[null]},"CatchClause":{"enter":[null]},"AssignmentExpression":{"enter":[null]},"ArrayPattern":{"enter":[null]},"ObjectExpression":{"enter":[null]},"FunctionDeclaration":{"enter":[null]},"FunctionExpression":{"enter":[null]},"ObjectMethod":{"enter":[null]},"ArrowFunctionExpression":{"enter":[null]},"ClassMethod":{"enter":[null]},"ClassPrivateMethod":{"enter":[null]},"ForInStatement":{"enter":[null]},"ForOfStatement":{"enter":[null]}},"options":{}},{"key":"proposal-logical-assignment-operators","visitor":{"_exploded":{},"_verified":{},"AssignmentExpression":{"enter":[null]}},"options":{}},{"key":"transform-arrow-functions","visitor":{"ArrowFunctionExpression":{"enter":[null]},"_exploded":true,"_verified":true},"options":{}},{"key":"transform-block-scoped-functions","visitor":{"BlockStatement":{"enter":[null]},"SwitchCase":{"enter":[null]},"_exploded":true,"_verified":true},"options":{}},{"key":"transform-block-scoping","visitor":{"VariableDeclaration":{"enter":[null]},"CatchClause":{"enter":[null]},"_exploded":true,"BlockStatement":{"enter":[null]},"SwitchStatement":{"enter":[null]},"Program":{"enter":[null]},"_verified":true,"DoWhileStatement":{"enter":[null]},"ForInStatement":{"enter":[null]},"ForStatement":{"enter":[null]},"WhileStatement":{"enter":[null]},"ForOfStatement":{"enter":[null]}},"options":{}},{"key":"transform-classes","visitor":{"ExportDefaultDeclaration":{"enter":[null]},"ClassDeclaration":{"enter":[null]},"ClassExpression":{"enter":[null]},"_exploded":true,"_verified":true},"options":{"loose":true}},{"key":"transform-computed-properties","visitor":{"ObjectExpression":{"exit":[null]},"_exploded":true,"_verified":true},"options":{"loose":true}},{"key":"transform-destructuring","visitor":{"ExportNamedDeclaration":{"enter":[null]},"CatchClause":{"enter":[null]},"AssignmentExpression":{"enter":[null]},"VariableDeclaration":{"enter":[null]},"_exploded":true,"_verified":true,"ForInStatement":{"enter":[null]},"ForOfStatement":{"enter":[null]}},"options":{}},{"key":"transform-for-of","visitor":{"ForOfStatement":{"enter":[null]},"_exploded":true,"_verified":true},"options":{"loose":true}},{"key":"transform-literals","visitor":{"NumericLiteral":{"enter":[null]},"StringLiteral":{"enter":[null]},"_exploded":true,"_verified":true},"options":{}},{"key":"transform-object-super","visitor":{"ObjectExpression":{"enter":[null]},"_exploded":true,"_verified":true},"options":{}},{"key":"transform-parameters","visitor":{"_exploded":true,"_verified":true,"FunctionDeclaration":{"enter":[null]},"FunctionExpression":{"enter":[null]},"ObjectMethod":{"enter":[null]},"ArrowFunctionExpression":{"enter":[null]},"ClassMethod":{"enter":[null]},"ClassPrivateMethod":{"enter":[null]}},"options":{}},{"key":"transform-shorthand-properties","visitor":{"ObjectMethod":{"enter":[null]},"ObjectProperty":{"enter":[null]},"_exploded":true,"_verified":true},"options":{}},{"key":"transform-spread","visitor":{"ArrayExpression":{"enter":[null]},"CallExpression":{"enter":[null]},"NewExpression":{"enter":[null]},"_exploded":true,"_verified":true},"options":{}},{"key":"transform-sticky-regex","visitor":{"RegExpLiteral":{"enter":[null]},"_exploded":true,"_verified":true},"options":{}},{"key":"transform-template-literals","visitor":{"TaggedTemplateExpression":{"enter":[null]},"TemplateLiteral":{"enter":[null]},"_exploded":true,"_verified":true},"options":{"loose":true}},{"key":"transform-typeof-symbol","visitor":{"UnaryExpression":{"enter":[null]},"_exploded":true,"_verified":true,"BlockStatement":{"enter":[null]},"CatchClause":{"enter":[null]},"DoWhileStatement":{"enter":[null]},"ForInStatement":{"enter":[null]},"ForStatement":{"enter":[null]},"FunctionDeclaration":{"enter":[null]},"FunctionExpression":{"enter":[null]},"Program":{"enter":[null]},"ObjectMethod":{"enter":[null]},"SwitchStatement":{"enter":[null]},"WhileStatement":{"enter":[null]},"ArrowFunctionExpression":{"enter":[null]},"ClassExpression":{"enter":[null]},"ClassDeclaration":{"enter":[null]},"ForOfStatement":{"enter":[null]},"ClassMethod":{"enter":[null]},"ClassPrivateMethod":{"enter":[null]},"StaticBlock":{"enter":[null]},"TSModuleBlock":{"enter":[null]},"AssignmentPattern":{"enter":[null]},"ArrayPattern":{"enter":[null]},"ObjectPattern":{"enter":[null]}},"options":{}},{"key":"transform-unicode-regex","visitor":{"RegExpLiteral":{"enter":[null]},"_exploded":true,"_verified":true},"options":{}},{"key":"transform-property-literals","visitor":{"ObjectProperty":{"exit":[null]},"_exploded":true,"_verified":true},"options":{}},{"key":"transform-exponentiation-operator","visitor":{"AssignmentExpression":{"enter":[null]},"BinaryExpression":{"enter":[null]},"_exploded":true,"_verified":true},"options":{}},{"key":"regenerator-transform","visitor":{"_exploded":true,"_verified":true,"ObjectMethod":{"enter":[null],"exit":[null]},"ClassMethod":{"enter":[null],"exit":[null]},"ClassPrivateMethod":{"enter":[null],"exit":[null]},"FunctionDeclaration":{"exit":[null]},"FunctionExpression":{"exit":[null]},"ArrowFunctionExpression":{"exit":[null]}},"options":{}}],"presets":[],"generatorOpts":{"filename":"/home/matheuswm/Downloads/teste/imports/ui/App.jsx","comments":true,"compact":false,"sourceMaps":true,"sourceFileName":"imports/ui/App.jsx"}},"code":"module.export({\n  App: function () {\n    return App;\n  }\n});\nvar React, Fragment;\nmodule.link(\"react\", {\n  \"default\": function (v) {\n    React = v;\n  },\n  Fragment: function (v) {\n    Fragment = v;\n  }\n}, 0);\nvar Task;\nmodule.link(\"./Task\", {\n  Task: function (v) {\n    Task = v;\n  }\n}, 1);\nvar Manda;\nmodule.link(\"./manda.jsx\", {\n  Manda: function (v) {\n    Manda = v;\n  }\n}, 2);\nvar useTracker;\nmodule.link(\"meteor/react-meteor-data\", {\n  useTracker: function (v) {\n    useTracker = v;\n  }\n}, 3);\nvar Login;\nmodule.link(\"./Login.jsx\", {\n  Login: function (v) {\n    Login = v;\n  }\n}, 4);\nvar GlobalStyle;\nmodule.link(\"../globalstyles/global\", {\n  \"default\": function (v) {\n    GlobalStyle = v;\n  }\n}, 5);\nvar Cabecario;\nmodule.link(\"./styles/styleLista.js\", {\n  Cabecario: function (v) {\n    Cabecario = v;\n  }\n}, 6);\n\nvar App = function () {\n  var user = useTracker(function () {\n    return Meteor.user();\n  });\n\n  var logout = function () {\n    return Meteor.logout();\n  };\n\n  return /*#__PURE__*/React.createElement(React.Fragment, null, /*#__PURE__*/React.createElement(GlobalStyle, null), user ? /*#__PURE__*/React.createElement(Fragment, null, /*#__PURE__*/React.createElement(Cabecario, {\n    className: \"user\"\n  }, /*#__PURE__*/React.createElement(\"span\", null, user.username), /*#__PURE__*/React.createElement(\"button\", {\n    onClick: logout\n  }, \"  log out  \")), /*#__PURE__*/React.createElement(Manda, null), /*#__PURE__*/React.createElement(\"div\", null, /*#__PURE__*/React.createElement(Task, null))) : /*#__PURE__*/React.createElement(Login, null));\n};","map":{"version":3,"sources":["imports/ui/App.jsx"],"names":["module","export","App","React","Fragment","link","v","Task","Manda","useTracker","Login","GlobalStyle","Cabecario","user","Meteor","logout","username"],"mappings":"AAAAA,MAAM,CAACC,MAAP,CAAc;AAACC,EAAAA,GAAG,EAAC,YAAU;AAAC,WAAOA,GAAP;AAAW;AAA3B,CAAd;AAA4C,IAAIC,KAAJ,EAAUC,QAAV;AAAmBJ,MAAM,CAACK,IAAP,CAAY,OAAZ,EAAoB;AAAC,aAAQ,UAASC,CAAT,EAAW;AAACH,IAAAA,KAAK,GAACG,CAAN;AAAQ,GAA7B;AAA8BF,EAAAA,QAAQ,EAAC,UAASE,CAAT,EAAW;AAACF,IAAAA,QAAQ,GAACE,CAAT;AAAW;AAA9D,CAApB,EAAoF,CAApF;AAAuF,IAAIC,IAAJ;AAASP,MAAM,CAACK,IAAP,CAAY,QAAZ,EAAqB;AAACE,EAAAA,IAAI,EAAC,UAASD,CAAT,EAAW;AAACC,IAAAA,IAAI,GAACD,CAAL;AAAO;AAAzB,CAArB,EAAgD,CAAhD;AAAmD,IAAIE,KAAJ;AAAUR,MAAM,CAACK,IAAP,CAAY,aAAZ,EAA0B;AAACG,EAAAA,KAAK,EAAC,UAASF,CAAT,EAAW;AAACE,IAAAA,KAAK,GAACF,CAAN;AAAQ;AAA3B,CAA1B,EAAuD,CAAvD;AAA0D,IAAIG,UAAJ;AAAeT,MAAM,CAACK,IAAP,CAAY,0BAAZ,EAAuC;AAACI,EAAAA,UAAU,EAAC,UAASH,CAAT,EAAW;AAACG,IAAAA,UAAU,GAACH,CAAX;AAAa;AAArC,CAAvC,EAA8E,CAA9E;AAAiF,IAAII,KAAJ;AAAUV,MAAM,CAACK,IAAP,CAAY,aAAZ,EAA0B;AAACK,EAAAA,KAAK,EAAC,UAASJ,CAAT,EAAW;AAACI,IAAAA,KAAK,GAACJ,CAAN;AAAQ;AAA3B,CAA1B,EAAuD,CAAvD;AAA0D,IAAIK,WAAJ;AAAgBX,MAAM,CAACK,IAAP,CAAY,wBAAZ,EAAqC;AAAC,aAAQ,UAASC,CAAT,EAAW;AAACK,IAAAA,WAAW,GAACL,CAAZ;AAAc;AAAnC,CAArC,EAA0E,CAA1E;AAA6E,IAAIM,SAAJ;AAAcZ,MAAM,CAACK,IAAP,CAAY,wBAAZ,EAAqC;AAACO,EAAAA,SAAS,EAAC,UAASN,CAAT,EAAW;AAACM,IAAAA,SAAS,GAACN,CAAV;AAAY;AAAnC,CAArC,EAA0E,CAA1E;;AAO9hB,IAAMJ,GAAG,GAAG,YAAM;AACzB,MAAMW,IAAI,GAAGJ,UAAU,CAAC;AAAA,WAAMK,MAAM,CAACD,IAAP,EAAN;AAAA,GAAD,CAAvB;;AACA,MAAME,MAAM,GAAG;AAAA,WAAMD,MAAM,CAACC,MAAP,EAAN;AAAA,GAAf;;AACE,sBAEE,uDACG,oBAAC,WAAD,OADH,EAECF,IAAI,gBACH,oBAAC,QAAD,qBACE,oBAAC,SAAD;AAAW,IAAA,SAAS,EAAC;AAArB,kBAEA,kCAAOA,IAAI,CAACG,QAAZ,CAFA,eAGA;AAAQ,IAAA,OAAO,EAAED;AAAjB,mBAHA,CADF,eAQF,oBAAC,KAAD,OARE,eAWF,8CAGC,oBAAC,IAAD,OAHD,CAXE,CADG,gBAmBA,oBAAC,KAAD,OArBL,CAFF;AA2BD,CA9BM","sourcesContent":["import React, { Fragment } from 'react';\nimport { Task} from './Task'\nimport { Manda } from './manda.jsx';\nimport { useTracker } from 'meteor/react-meteor-data';\nimport { Login } from './Login.jsx';\nimport GlobalStyle from '../globalstyles/global';\nimport {Cabecario} from './styles/styleLista.js';\nexport const App = () => {\nconst user = useTracker(() => Meteor.user())\nconst logout = () => Meteor.logout();\n  return(\n   \n    <>\n       <GlobalStyle/>\n    {user ? (\n      <Fragment>\n        <Cabecario className=\"user\" > \n        \n        <span>{user.username}</span>\n        <button onClick={logout}>  log out  </button>\n       \n        </Cabecario>\n    \n    <Manda/>\n    \n    \n    <div>\n      \n     \n     <Task/>\n    \n    </div>\n    </Fragment>\n    ) : (<Login/> )}\n    </>\n    )\n\n};\n"]},"sourceType":"module","hash":"22c4e5050d7a89aca30bf783f6cef8e4e870861e"}
