{"metadata":{},"options":{"assumptions":{},"compact":false,"sourceMaps":true,"ast":true,"babelrc":false,"configFile":false,"parserOpts":{"sourceType":"module","sourceFileName":"/home/matheuswm/Downloads/teste/imports/ui/Prioridade.jsx","plugins":["*","flow","jsx","asyncGenerators","bigInt","classPrivateMethods","classPrivateProperties","classProperties","doExpressions","dynamicImport","exportDefaultFrom","exportExtensions","exportNamespaceFrom","functionBind","functionSent","importMeta","nullishCoalescingOperator","numericSeparator","objectRestSpread","optionalCatchBinding","optionalChaining",["pipelineOperator",{"proposal":"minimal"}],"throwExpressions","classProperties","classPrivateProperties","jsx","nullishCoalescingOperator","nullishCoalescingOperator","optionalChaining","optionalCatchBinding","optionalCatchBinding","classProperties","classPrivateProperties","classPrivateMethods","classProperties","classPrivateProperties","asyncGenerators","asyncGenerators","objectRestSpread","objectRestSpread","logicalAssignment"],"allowImportExportEverywhere":true,"allowReturnOutsideFunction":true,"allowUndeclaredExports":true,"strictMode":false},"caller":{"name":"meteor","arch":"web.browser"},"sourceFileName":"imports/ui/Prioridade.jsx","filename":"/home/matheuswm/Downloads/teste/imports/ui/Prioridade.jsx","inputSourceMap":{"version":3,"sources":["imports/ui/Prioridade.jsx"],"names":["React","useState","useEffect","uniqid","PrioridadeSelect","task","changePrioridade","prioridade","val1","Setval1","val2","Setval2","val3","Setval3","val4","Setval4","id"],"mappings":";;AAAA,OAAOA,KAAP,IAAgBC,QAAhB,EAA0BC,SAA1B,QAA2C,OAA3C;AACA,OAAOC,MAAP,MAAmB,QAAnB;AAEA,OAAO,MAAMC,gBAAgB,GAAE,CAAC;AAACC,EAAAA,IAAD;AAAMC,EAAAA,gBAAN;AAAuBC,EAAAA;AAAvB,CAAD,KAAuC;AAAA;;AAC9D,QAAK,CAACC,IAAD,EAAOC,OAAP,IAAkBR,QAAQ,CAAC,KAAD,CAA/B;AACA,QAAK,CAACS,IAAD,EAAOC,OAAP,IAAkBV,QAAQ,CAAC,KAAD,CAA/B;AACA,QAAK,CAACW,IAAD,EAAOC,OAAP,IAAkBZ,QAAQ,CAAC,KAAD,CAA/B;AACA,QAAK,CAACa,IAAD,EAAOC,OAAP,IAAkBd,QAAQ,CAAC,KAAD,CAA/B;AAEA,QAAMe,EAAE,GAAGb,MAAM,EAAjB;AACAD,EAAAA,SAAS,CAAC,MAAM;AAEZ,QAAGK,UAAU,IAAI,CAAjB,EAAmB;AACfE,MAAAA,OAAO,CAAC,IAAD,CAAP;AACAE,MAAAA,OAAO,CAAC,KAAD,CAAP;AACAE,MAAAA,OAAO,CAAC,KAAD,CAAP;AACAE,MAAAA,OAAO,CAAC,KAAD,CAAP;AACH;;AACD,QAAGR,UAAU,IAAI,CAAjB,EAAmB;AACfI,MAAAA,OAAO,CAAC,IAAD,CAAP;AACAF,MAAAA,OAAO,CAAC,KAAD,CAAP;AACAI,MAAAA,OAAO,CAAC,KAAD,CAAP;AACAE,MAAAA,OAAO,CAAC,KAAD,CAAP;AACH;;AACD,QAAGR,UAAU,IAAI,CAAjB,EAAmB;AACfM,MAAAA,OAAO,CAAC,IAAD,CAAP;AACAJ,MAAAA,OAAO,CAAC,KAAD,CAAP;AACAE,MAAAA,OAAO,CAAC,KAAD,CAAP;AACAI,MAAAA,OAAO,CAAC,KAAD,CAAP;AACH;;AACD,QAAGR,UAAU,IAAI,CAAjB,EAAmB;AACfQ,MAAAA,OAAO,CAAC,IAAD,CAAP;AACAN,MAAAA,OAAO,CAAC,KAAD,CAAP;AACAE,MAAAA,OAAO,CAAC,KAAD,CAAP;AACAE,MAAAA,OAAO,CAAC,KAAD,CAAP;AACH;AACJ,GA1BQ,CAAT;AA+BJ,SACI,CAAC,MAAD,CAAQ,GAAG,CAACG,EAAD,CAAX,CAAkB,SAAS,CAAC,MAAMV,gBAAgB,CAACD,IAAD,EAAMW,EAAN,CAAvB,CAA3B,CAA6D,KAAK,QAAlE;AACR,UAAU,CAAC,MAAD,CAAQ,MAAM,GAAd,CAAiB,SAAS,CAACR,IAAD,CAA1B,CAAiC,sBAAsB,EAAE,MAAF;AACjE,UAAU,CAAC,MAAD,CAAQ,MAAM,GAAd,CAAkB,SAAS,CAACE,IAAD,CAA3B,CAAkC,IAAI,EAAE,MAAF;AAChD,UAAU,CAAC,MAAD,CAAQ,MAAM,GAAd,CAAiB,SAAS,CAACE,IAAD,CAA1B,CAAiC,KAAK,EAAE,MAAF;AAChD,UAAU,CAAC,MAAD,CAAQ,MAAM,GAAd,CAAiB,SAAS,CAACE,IAAD,CAA1B,CAAiC,KAAK,EAAE,MAAF;AAChD,QAAQ,EAAE,MAAF,CANJ;AASH,CA/CM;;GAAMV,gB;;KAAAA,gB","sourcesContent":["import React, { useState, useEffect } from 'react';\nimport uniqid from 'uniqid'\n\nexport const PrioridadeSelect= ({task,changePrioridade,prioridade}) =>{\n        const[val1, Setval1] = useState(false)\n        const[val2, Setval2] = useState(false)\n        const[val3, Setval3] = useState(false)\n        const[val4, Setval4] = useState(false)\n     \n        const id = uniqid()\n        useEffect(() => {\n           \n            if(prioridade == 0){\n                Setval1(true)\n                Setval2(false)\n                Setval3(false)\n                Setval4(false)\n            }\n            if(prioridade == 1){\n                Setval2(true)\n                Setval1(false)\n                Setval3(false)\n                Setval4(false)\n            }\n            if(prioridade == 2){\n                Setval3(true)\n                Setval1(false)\n                Setval2(false)\n                Setval4(false)\n            }\n            if(prioridade == 3){\n                Setval4(true)\n                Setval1(false)\n                Setval2(false)\n                Setval3(false)\n            }\n        })\n            \n            \n        \n        \n    return(\n        <select id={id}   onChange={() => changePrioridade(task,id)} name=\"select\" >\n          <option value=\"0\"selected={val1}>Selecione a prioridade</option>\n          <option value=\"1\" selected={val2}>Alto</option>\n          <option value=\"2\"selected={val3}>Médio</option>\n          <option value=\"3\"selected={val4}>Baixo</option>\n        </select>\n\n    )\n}"]},"targets":{},"cloneInputAst":true,"browserslistConfigFile":false,"passPerPreset":false,"envName":"development","cwd":"/home/matheuswm/Downloads/teste","root":"/home/matheuswm/Downloads/teste","rootMode":"root","plugins":[{"key":"base$0","visitor":{"_exploded":true,"_verified":true},"options":{}},{"key":"base$0$0","visitor":{"Program":{"enter":[null],"exit":[null]},"_exploded":true,"_verified":true},"options":{"avoidModernSyntax":false,"enforceStrictMode":false,"dynamicImport":true,"generateLetDeclarations":true}},{"key":"transform-runtime","visitor":{"MemberExpression":{"enter":[null]},"ObjectPattern":{"enter":[null]},"BinaryExpression":{"enter":[null]},"_exploded":{},"_verified":{},"Identifier":{"enter":[null]},"JSXIdentifier":{"enter":[null]}},"options":{"version":"7.15.3","helpers":true,"useESModules":false,"corejs":false}},{"key":"proposal-class-properties","visitor":{"PrivateName":{"enter":[null]},"ExportDefaultDeclaration":{"enter":[null]},"_exploded":true,"_verified":true,"ClassExpression":{"enter":[null]},"ClassDeclaration":{"enter":[null]}},"options":{"loose":true}},{"key":"transform-react-jsx","visitor":{"_exploded":{},"_verified":{},"JSXNamespacedName":{"enter":[null]},"JSXSpreadChild":{"enter":[null]},"Program":{"enter":[null]},"JSXElement":{"exit":[null]},"JSXFragment":{"exit":[null]},"JSXAttribute":{"enter":[null]}},"options":{"pragma":"React.createElement","pragmaFrag":"React.Fragment","runtime":"classic","throwIfNamespace":true,"useBuiltIns":false}},{"key":"transform-react-display-name","visitor":{"ExportDefaultDeclaration":{"enter":[null]},"CallExpression":{"enter":[null]},"_exploded":true,"_verified":true},"options":{}},{"key":"transform-react-pure-annotations","visitor":{"CallExpression":{"enter":[null]},"_exploded":true,"_verified":true},"options":{}},{"key":"syntax-nullish-coalescing-operator","visitor":{"_exploded":true,"_verified":true},"options":{}},{"key":"proposal-nullish-coalescing-operator","visitor":{"_exploded":{},"_verified":{},"LogicalExpression":{"enter":[null]}},"options":{}},{"key":"syntax-optional-chaining","visitor":{"_exploded":true,"_verified":true},"options":{}},{"key":"proposal-optional-chaining","visitor":{"_exploded":true,"OptionalCallExpression":{"enter":[null]},"OptionalMemberExpression":{"enter":[null]},"_verified":true},"options":{}},{"key":"syntax-optional-catch-binding","visitor":{"_exploded":true,"_verified":true},"options":{}},{"key":"proposal-optional-catch-binding","visitor":{"_exploded":{},"_verified":{},"CatchClause":{"enter":[null]}},"options":{}},{"key":"syntax-class-properties","visitor":{"_exploded":true,"_verified":true},"options":{}},{"key":"proposal-class-properties","visitor":{"PrivateName":{"enter":[null]},"ExportDefaultDeclaration":{"enter":[null]},"_exploded":true,"_verified":true,"ClassExpression":{"enter":[null]},"ClassDeclaration":{"enter":[null]}},"options":{}},{"key":"syntax-async-generators","visitor":{"_exploded":true,"_verified":true},"options":{}},{"key":"proposal-async-generator-functions","visitor":{"_exploded":{},"_verified":{},"Program":{"enter":[null]}},"options":{}},{"key":"syntax-object-rest-spread","visitor":{"_exploded":true,"_verified":true},"options":{}},{"key":"proposal-object-rest-spread","visitor":{"_exploded":{},"_verified":{},"VariableDeclarator":{"enter":[null]},"ExportNamedDeclaration":{"enter":[null]},"CatchClause":{"enter":[null]},"AssignmentExpression":{"enter":[null]},"ArrayPattern":{"enter":[null]},"ObjectExpression":{"enter":[null]},"FunctionDeclaration":{"enter":[null]},"FunctionExpression":{"enter":[null]},"ObjectMethod":{"enter":[null]},"ArrowFunctionExpression":{"enter":[null]},"ClassMethod":{"enter":[null]},"ClassPrivateMethod":{"enter":[null]},"ForInStatement":{"enter":[null]},"ForOfStatement":{"enter":[null]}},"options":{}},{"key":"proposal-logical-assignment-operators","visitor":{"_exploded":{},"_verified":{},"AssignmentExpression":{"enter":[null]}},"options":{}},{"key":"transform-literals","visitor":{"NumericLiteral":{"enter":[null]},"StringLiteral":{"enter":[null]},"_exploded":true,"_verified":true},"options":{}},{"key":"transform-template-literals","visitor":{"TaggedTemplateExpression":{"enter":[null]},"TemplateLiteral":{"enter":[null]},"_exploded":true,"_verified":true},"options":{}},{"key":"transform-parameters","visitor":{"_exploded":true,"_verified":true,"FunctionDeclaration":{"enter":[null]},"FunctionExpression":{"enter":[null]},"ObjectMethod":{"enter":[null]},"ArrowFunctionExpression":{"enter":[null]},"ClassMethod":{"enter":[null]},"ClassPrivateMethod":{"enter":[null]}},"options":{}},{"key":"transform-exponentiation-operator","visitor":{"AssignmentExpression":{"enter":[null]},"BinaryExpression":{"enter":[null]},"_exploded":true,"_verified":true},"options":{}}],"presets":[],"generatorOpts":{"filename":"/home/matheuswm/Downloads/teste/imports/ui/Prioridade.jsx","comments":true,"compact":false,"sourceMaps":true,"sourceFileName":"imports/ui/Prioridade.jsx"}},"code":"module.export({\n  PrioridadeSelect: () => PrioridadeSelect\n});\nlet React, useState, useEffect;\nmodule.link(\"react\", {\n  default(v) {\n    React = v;\n  },\n\n  useState(v) {\n    useState = v;\n  },\n\n  useEffect(v) {\n    useEffect = v;\n  }\n\n}, 0);\nlet uniqid;\nmodule.link(\"uniqid\", {\n  default(v) {\n    uniqid = v;\n  }\n\n}, 1);\n\nvar _s = $RefreshSig$();\n\nconst PrioridadeSelect = _ref => {\n  let {\n    task,\n    changePrioridade,\n    prioridade\n  } = _ref;\n\n  _s();\n\n  const [val1, Setval1] = useState(false);\n  const [val2, Setval2] = useState(false);\n  const [val3, Setval3] = useState(false);\n  const [val4, Setval4] = useState(false);\n  const id = uniqid();\n  useEffect(() => {\n    if (prioridade == 0) {\n      Setval1(true);\n      Setval2(false);\n      Setval3(false);\n      Setval4(false);\n    }\n\n    if (prioridade == 1) {\n      Setval2(true);\n      Setval1(false);\n      Setval3(false);\n      Setval4(false);\n    }\n\n    if (prioridade == 2) {\n      Setval3(true);\n      Setval1(false);\n      Setval2(false);\n      Setval4(false);\n    }\n\n    if (prioridade == 3) {\n      Setval4(true);\n      Setval1(false);\n      Setval2(false);\n      Setval3(false);\n    }\n  });\n  return /*#__PURE__*/React.createElement(\"select\", {\n    id: id,\n    onChange: () => changePrioridade(task, id),\n    name: \"select\"\n  }, /*#__PURE__*/React.createElement(\"option\", {\n    value: \"0\",\n    selected: val1\n  }, \"Selecione a prioridade\"), /*#__PURE__*/React.createElement(\"option\", {\n    value: \"1\",\n    selected: val2\n  }, \"Alto\"), /*#__PURE__*/React.createElement(\"option\", {\n    value: \"2\",\n    selected: val3\n  }, \"M\\xE9dio\"), /*#__PURE__*/React.createElement(\"option\", {\n    value: \"3\",\n    selected: val4\n  }, \"Baixo\"));\n};\n\n_s(PrioridadeSelect, \"sdH4ZRudxQOIUPcSLF+YT6SHsDY=\");\n\n_c = PrioridadeSelect;\n\nvar _c;\n\n$RefreshReg$(_c, \"PrioridadeSelect\");","map":{"version":3,"sources":["imports/ui/Prioridade.jsx"],"names":["PrioridadeSelect","prioridade","useState","id","uniqid","useEffect","Setval1","Setval2","Setval3","Setval4","changePrioridade"],"mappings":";;;;;;;;;;;;;;;;;;;;;;;;;;;;AAGO,MAAMA,gBAAgB,GAAE,QAAuC;AAAA,MAAtC;AAAA,IAAA,IAAA;AAAA,IAAA,gBAAA;AAAuBC,IAAAA;AAAvB,GAAsC;;AAAA,EAAA,EAAA;;AAC9D,QAAK,CAAA,IAAA,EAAA,OAAA,IAAkBC,QAAQ,CAA/B,KAA+B,CAA/B;AACA,QAAK,CAAA,IAAA,EAAA,OAAA,IAAkBA,QAAQ,CAA/B,KAA+B,CAA/B;AACA,QAAK,CAAA,IAAA,EAAA,OAAA,IAAkBA,QAAQ,CAA/B,KAA+B,CAA/B;AACA,QAAK,CAAA,IAAA,EAAA,OAAA,IAAkBA,QAAQ,CAA/B,KAA+B,CAA/B;AAEA,QAAMC,EAAE,GAAGC,MAAX,EAAA;AACAC,EAAAA,SAAS,CAAC,MAAM;AAEZ,QAAGJ,UAAU,IAAb,CAAA,EAAmB;AACfK,MAAAA,OAAO,CAAPA,IAAO,CAAPA;AACAC,MAAAA,OAAO,CAAPA,KAAO,CAAPA;AACAC,MAAAA,OAAO,CAAPA,KAAO,CAAPA;AACAC,MAAAA,OAAO,CAAPA,KAAO,CAAPA;AACH;;AACD,QAAGR,UAAU,IAAb,CAAA,EAAmB;AACfM,MAAAA,OAAO,CAAPA,IAAO,CAAPA;AACAD,MAAAA,OAAO,CAAPA,KAAO,CAAPA;AACAE,MAAAA,OAAO,CAAPA,KAAO,CAAPA;AACAC,MAAAA,OAAO,CAAPA,KAAO,CAAPA;AACH;;AACD,QAAGR,UAAU,IAAb,CAAA,EAAmB;AACfO,MAAAA,OAAO,CAAPA,IAAO,CAAPA;AACAF,MAAAA,OAAO,CAAPA,KAAO,CAAPA;AACAC,MAAAA,OAAO,CAAPA,KAAO,CAAPA;AACAE,MAAAA,OAAO,CAAPA,KAAO,CAAPA;AACH;;AACD,QAAGR,UAAU,IAAb,CAAA,EAAmB;AACfQ,MAAAA,OAAO,CAAPA,IAAO,CAAPA;AACAH,MAAAA,OAAO,CAAPA,KAAO,CAAPA;AACAC,MAAAA,OAAO,CAAPA,KAAO,CAAPA;AACAC,MAAAA,OAAO,CAAPA,KAAO,CAAPA;AACH;AAzBLH,GAAS,CAATA;AA+BJ,sBACI;AAAQ,IAAA,EAAA,EAAR,EAAA;AAAkB,IAAA,QAAA,EAAU,MAAMK,gBAAgB,CAAA,IAAA,EAAlD,EAAkD,CAAlD;AAA6D,IAAA,IAAA,EAA7D;AAAA,kBACE;AAAQ,IAAA,KAAA,EAAR,GAAA;AAAiB,IAAA,QAAA,EAAjB;AAAA,8BADF,eAEE;AAAQ,IAAA,KAAA,EAAR,GAAA;AAAkB,IAAA,QAAA,EAAlB;AAAA,YAFF,eAGE;AAAQ,IAAA,KAAA,EAAR,GAAA;AAAiB,IAAA,QAAA,EAAjB;AAAA,gBAHF,eAIE;AAAQ,IAAA,KAAA,EAAR,GAAA;AAAiB,IAAA,QAAA,EAAjB;AAAA,aAJF,CADJ;AAtCG,CAAA;;GAAMV,gB;;KAAAA,gB","sourcesContent":["import React, { useState, useEffect } from 'react';\nimport uniqid from 'uniqid'\n\nexport const PrioridadeSelect= ({task,changePrioridade,prioridade}) =>{\n        const[val1, Setval1] = useState(false)\n        const[val2, Setval2] = useState(false)\n        const[val3, Setval3] = useState(false)\n        const[val4, Setval4] = useState(false)\n     \n        const id = uniqid()\n        useEffect(() => {\n           \n            if(prioridade == 0){\n                Setval1(true)\n                Setval2(false)\n                Setval3(false)\n                Setval4(false)\n            }\n            if(prioridade == 1){\n                Setval2(true)\n                Setval1(false)\n                Setval3(false)\n                Setval4(false)\n            }\n            if(prioridade == 2){\n                Setval3(true)\n                Setval1(false)\n                Setval2(false)\n                Setval4(false)\n            }\n            if(prioridade == 3){\n                Setval4(true)\n                Setval1(false)\n                Setval2(false)\n                Setval3(false)\n            }\n        })\n            \n            \n        \n        \n    return(\n        <select id={id}   onChange={() => changePrioridade(task,id)} name=\"select\" >\n          <option value=\"0\"selected={val1}>Selecione a prioridade</option>\n          <option value=\"1\" selected={val2}>Alto</option>\n          <option value=\"2\"selected={val3}>Médio</option>\n          <option value=\"3\"selected={val4}>Baixo</option>\n        </select>\n\n    )\n}"]},"sourceType":"module","hash":"4c4ed486bc2dba2ebb84d5ec4bf024f39a4c43d5"}
