{"metadata":{},"options":{"assumptions":{},"compact":false,"sourceMaps":true,"ast":true,"babelrc":false,"configFile":false,"parserOpts":{"sourceType":"module","sourceFileName":"/home/matheuswm/Downloads/teste/packages/autoupdate/autoupdate_cordova.js","plugins":["*","flow","jsx","asyncGenerators","bigInt","classPrivateMethods","classPrivateProperties","classProperties","doExpressions","dynamicImport","exportDefaultFrom","exportExtensions","exportNamespaceFrom","functionBind","functionSent","importMeta","nullishCoalescingOperator","numericSeparator","objectRestSpread","optionalCatchBinding","optionalChaining",["pipelineOperator",{"proposal":"minimal"}],"throwExpressions","classProperties","classPrivateProperties","jsx","nullishCoalescingOperator","nullishCoalescingOperator","optionalChaining","optionalCatchBinding","optionalCatchBinding","classProperties","classPrivateProperties","classPrivateMethods","classProperties","classPrivateProperties","asyncGenerators","asyncGenerators","objectRestSpread","objectRestSpread","logicalAssignment"],"allowImportExportEverywhere":true,"allowReturnOutsideFunction":true,"allowUndeclaredExports":true,"strictMode":false},"caller":{"name":"meteor","arch":"web.cordova"},"sourceFileName":"packages/autoupdate/autoupdate_cordova.js","filename":"/home/matheuswm/Downloads/teste/packages/autoupdate/autoupdate_cordova.js","targets":{},"cloneInputAst":true,"browserslistConfigFile":false,"passPerPreset":false,"envName":"development","cwd":"/home/matheuswm/Downloads/teste","root":"/home/matheuswm/Downloads/teste","rootMode":"root","plugins":[{"key":"base$0","visitor":{"_exploded":true,"_verified":true},"options":{}},{"key":"base$0$0","visitor":{"Program":{"enter":[null],"exit":[null]},"_exploded":true,"_verified":true},"options":{"avoidModernSyntax":true,"enforceStrictMode":false,"dynamicImport":true}},{"key":"transform-runtime","visitor":{"MemberExpression":{"enter":[null]},"ObjectPattern":{"enter":[null]},"BinaryExpression":{"enter":[null]},"_exploded":{},"_verified":{},"Identifier":{"enter":[null]},"JSXIdentifier":{"enter":[null]}},"options":{"version":"7.15.3","helpers":true,"useESModules":false,"corejs":false}},{"key":"proposal-class-properties","visitor":{"PrivateName":{"enter":[null]},"ExportDefaultDeclaration":{"enter":[null]},"_exploded":true,"_verified":true,"ClassExpression":{"enter":[null]},"ClassDeclaration":{"enter":[null]}},"options":{"loose":true}},{"key":"base$0$3","visitor":{"FunctionExpression":{"exit":[null]},"_exploded":true,"_verified":true},"options":{}},{"key":"base$0$4","visitor":{"ForInStatement":{"enter":[null]},"_exploded":true,"_verified":true},"options":{}},{"key":"transform-react-jsx","visitor":{"_exploded":{},"_verified":{},"JSXNamespacedName":{"enter":[null]},"JSXSpreadChild":{"enter":[null]},"Program":{"enter":[null]},"JSXElement":{"exit":[null]},"JSXFragment":{"exit":[null]},"JSXAttribute":{"enter":[null]}},"options":{"pragma":"React.createElement","pragmaFrag":"React.Fragment","runtime":"classic","throwIfNamespace":true,"useBuiltIns":false}},{"key":"transform-react-display-name","visitor":{"ExportDefaultDeclaration":{"enter":[null]},"CallExpression":{"enter":[null]},"_exploded":true,"_verified":true},"options":{}},{"key":"transform-react-pure-annotations","visitor":{"CallExpression":{"enter":[null]},"_exploded":true,"_verified":true},"options":{}},{"key":"syntax-nullish-coalescing-operator","visitor":{"_exploded":true,"_verified":true},"options":{}},{"key":"proposal-nullish-coalescing-operator","visitor":{"_exploded":{},"_verified":{},"LogicalExpression":{"enter":[null]}},"options":{}},{"key":"syntax-optional-chaining","visitor":{"_exploded":true,"_verified":true},"options":{}},{"key":"proposal-optional-chaining","visitor":{"_exploded":true,"OptionalCallExpression":{"enter":[null]},"OptionalMemberExpression":{"enter":[null]},"_verified":true},"options":{}},{"key":"syntax-optional-catch-binding","visitor":{"_exploded":true,"_verified":true},"options":{}},{"key":"proposal-optional-catch-binding","visitor":{"_exploded":{},"_verified":{},"CatchClause":{"enter":[null]}},"options":{}},{"key":"syntax-class-properties","visitor":{"_exploded":true,"_verified":true},"options":{}},{"key":"proposal-class-properties","visitor":{"PrivateName":{"enter":[null]},"ExportDefaultDeclaration":{"enter":[null]},"_exploded":true,"_verified":true,"ClassExpression":{"enter":[null]},"ClassDeclaration":{"enter":[null]}},"options":{}},{"key":"syntax-async-generators","visitor":{"_exploded":true,"_verified":true},"options":{}},{"key":"proposal-async-generator-functions","visitor":{"_exploded":{},"_verified":{},"Program":{"enter":[null]}},"options":{}},{"key":"syntax-object-rest-spread","visitor":{"_exploded":true,"_verified":true},"options":{}},{"key":"proposal-object-rest-spread","visitor":{"_exploded":{},"_verified":{},"VariableDeclarator":{"enter":[null]},"ExportNamedDeclaration":{"enter":[null]},"CatchClause":{"enter":[null]},"AssignmentExpression":{"enter":[null]},"ArrayPattern":{"enter":[null]},"ObjectExpression":{"enter":[null]},"FunctionDeclaration":{"enter":[null]},"FunctionExpression":{"enter":[null]},"ObjectMethod":{"enter":[null]},"ArrowFunctionExpression":{"enter":[null]},"ClassMethod":{"enter":[null]},"ClassPrivateMethod":{"enter":[null]},"ForInStatement":{"enter":[null]},"ForOfStatement":{"enter":[null]}},"options":{}},{"key":"proposal-logical-assignment-operators","visitor":{"_exploded":{},"_verified":{},"AssignmentExpression":{"enter":[null]}},"options":{}},{"key":"transform-arrow-functions","visitor":{"ArrowFunctionExpression":{"enter":[null]},"_exploded":true,"_verified":true},"options":{}},{"key":"transform-block-scoped-functions","visitor":{"BlockStatement":{"enter":[null]},"SwitchCase":{"enter":[null]},"_exploded":true,"_verified":true},"options":{}},{"key":"transform-block-scoping","visitor":{"VariableDeclaration":{"enter":[null]},"CatchClause":{"enter":[null]},"_exploded":true,"BlockStatement":{"enter":[null]},"SwitchStatement":{"enter":[null]},"Program":{"enter":[null]},"_verified":true,"DoWhileStatement":{"enter":[null]},"ForInStatement":{"enter":[null]},"ForStatement":{"enter":[null]},"WhileStatement":{"enter":[null]},"ForOfStatement":{"enter":[null]}},"options":{}},{"key":"transform-classes","visitor":{"ExportDefaultDeclaration":{"enter":[null]},"ClassDeclaration":{"enter":[null]},"ClassExpression":{"enter":[null]},"_exploded":true,"_verified":true},"options":{"loose":true}},{"key":"transform-computed-properties","visitor":{"ObjectExpression":{"exit":[null]},"_exploded":true,"_verified":true},"options":{"loose":true}},{"key":"transform-destructuring","visitor":{"ExportNamedDeclaration":{"enter":[null]},"CatchClause":{"enter":[null]},"AssignmentExpression":{"enter":[null]},"VariableDeclaration":{"enter":[null]},"_exploded":true,"_verified":true,"ForInStatement":{"enter":[null]},"ForOfStatement":{"enter":[null]}},"options":{}},{"key":"transform-for-of","visitor":{"ForOfStatement":{"enter":[null]},"_exploded":true,"_verified":true},"options":{"loose":true}},{"key":"transform-literals","visitor":{"NumericLiteral":{"enter":[null]},"StringLiteral":{"enter":[null]},"_exploded":true,"_verified":true},"options":{}},{"key":"transform-object-super","visitor":{"ObjectExpression":{"enter":[null]},"_exploded":true,"_verified":true},"options":{}},{"key":"transform-parameters","visitor":{"_exploded":true,"_verified":true,"FunctionDeclaration":{"enter":[null]},"FunctionExpression":{"enter":[null]},"ObjectMethod":{"enter":[null]},"ArrowFunctionExpression":{"enter":[null]},"ClassMethod":{"enter":[null]},"ClassPrivateMethod":{"enter":[null]}},"options":{}},{"key":"transform-shorthand-properties","visitor":{"ObjectMethod":{"enter":[null]},"ObjectProperty":{"enter":[null]},"_exploded":true,"_verified":true},"options":{}},{"key":"transform-spread","visitor":{"ArrayExpression":{"enter":[null]},"CallExpression":{"enter":[null]},"NewExpression":{"enter":[null]},"_exploded":true,"_verified":true},"options":{}},{"key":"transform-sticky-regex","visitor":{"RegExpLiteral":{"enter":[null]},"_exploded":true,"_verified":true},"options":{}},{"key":"transform-template-literals","visitor":{"TaggedTemplateExpression":{"enter":[null]},"TemplateLiteral":{"enter":[null]},"_exploded":true,"_verified":true},"options":{"loose":true}},{"key":"transform-typeof-symbol","visitor":{"UnaryExpression":{"enter":[null]},"_exploded":true,"_verified":true,"BlockStatement":{"enter":[null]},"CatchClause":{"enter":[null]},"DoWhileStatement":{"enter":[null]},"ForInStatement":{"enter":[null]},"ForStatement":{"enter":[null]},"FunctionDeclaration":{"enter":[null]},"FunctionExpression":{"enter":[null]},"Program":{"enter":[null]},"ObjectMethod":{"enter":[null]},"SwitchStatement":{"enter":[null]},"WhileStatement":{"enter":[null]},"ArrowFunctionExpression":{"enter":[null]},"ClassExpression":{"enter":[null]},"ClassDeclaration":{"enter":[null]},"ForOfStatement":{"enter":[null]},"ClassMethod":{"enter":[null]},"ClassPrivateMethod":{"enter":[null]},"StaticBlock":{"enter":[null]},"TSModuleBlock":{"enter":[null]},"AssignmentPattern":{"enter":[null]},"ArrayPattern":{"enter":[null]},"ObjectPattern":{"enter":[null]}},"options":{}},{"key":"transform-unicode-regex","visitor":{"RegExpLiteral":{"enter":[null]},"_exploded":true,"_verified":true},"options":{}},{"key":"transform-property-literals","visitor":{"ObjectProperty":{"exit":[null]},"_exploded":true,"_verified":true},"options":{}},{"key":"transform-exponentiation-operator","visitor":{"AssignmentExpression":{"enter":[null]},"BinaryExpression":{"enter":[null]},"_exploded":true,"_verified":true},"options":{}},{"key":"regenerator-transform","visitor":{"_exploded":true,"_verified":true,"ObjectMethod":{"enter":[null],"exit":[null]},"ClassMethod":{"enter":[null],"exit":[null]},"ClassPrivateMethod":{"enter":[null],"exit":[null]},"FunctionDeclaration":{"exit":[null]},"FunctionExpression":{"exit":[null]},"ArrowFunctionExpression":{"exit":[null]}},"options":{}}],"presets":[],"generatorOpts":{"filename":"/home/matheuswm/Downloads/teste/packages/autoupdate/autoupdate_cordova.js","comments":true,"compact":false,"sourceMaps":true,"sourceFileName":"packages/autoupdate/autoupdate_cordova.js"}},"code":"module.export({\n  Autoupdate: function () {\n    return Autoupdate;\n  }\n});\nvar ClientVersions;\nmodule.link(\"./client_versions.js\", {\n  ClientVersions: function (v) {\n    ClientVersions = v;\n  }\n}, 0);\nvar autoupdateVersionsCordova = __meteor_runtime_config__.autoupdate.versions[\"web.cordova\"] || {\n  version: \"unknown\"\n};\nvar Autoupdate = {};\n// Stores acceptable client versions.\nvar clientVersions = new ClientVersions();\nMeteor.connection.registerStore(\"meteor_autoupdate_clientVersions\", clientVersions.createStore());\n\nAutoupdate.newClientAvailable = function () {\n  return clientVersions.newClientAvailable(\"web.cordova\", [\"version\"], autoupdateVersionsCordova);\n};\n\nvar retry = new Retry({\n  // Unlike the stream reconnect use of Retry, which we want to be instant\n  // in normal operation, this is a wacky failure. We don't want to retry\n  // right away, we can start slowly.\n  //\n  // A better way than timeconstants here might be to use the knowledge\n  // of when we reconnect to help trigger these retries. Typically, the\n  // server fixing code will result in a restart and reconnect, but\n  // potentially the subscription could have a transient error.\n  minCount: 0,\n  // don't do any immediate retries\n  baseTimeout: 30 * 1000 // start with 30s\n\n});\nvar failures = 0;\n\nAutoupdate._retrySubscription = function () {\n  var _meteor_runtime_conf = __meteor_runtime_config__,\n      appId = _meteor_runtime_conf.appId;\n  Meteor.subscribe(\"meteor_autoupdate_clientVersions\", appId, {\n    onError: function (error) {\n      console.log(\"autoupdate subscription failed:\", error);\n      failures++;\n      retry.retryLater(failures, function () {\n        // Just retry making the subscription, don't reload the whole\n        // page. While reloading would catch more cases (for example,\n        // the server went back a version and is now doing old-style hot\n        // code push), it would also be more prone to reload loops,\n        // which look really bad to the user. Just retrying the\n        // subscription over DDP means it is at least possible to fix by\n        // updating the server.\n        Autoupdate._retrySubscription();\n      });\n    },\n    onReady: function () {\n      if (Package.reload) {\n        var checkNewVersionDocument = function (doc) {\n          if (doc.version !== autoupdateVersionsCordova.version) {\n            newVersionAvailable();\n          }\n        };\n\n        clientVersions.watch(checkNewVersionDocument, {\n          filter: \"web.cordova\"\n        });\n      }\n    }\n  });\n};\n\nMeteor.startup(function () {\n  WebAppLocalServer.onNewVersionReady(function () {\n    if (Package.reload) {\n      Package.reload.Reload._reload();\n    }\n  });\n\n  Autoupdate._retrySubscription();\n});\n\nfunction newVersionAvailable() {\n  WebAppLocalServer.checkForUpdates();\n}","map":{"version":3,"sources":["packages/autoupdate/autoupdate_cordova.js"],"names":["module","export","Autoupdate","ClientVersions","link","v","autoupdateVersionsCordova","__meteor_runtime_config__","autoupdate","versions","version","clientVersions","Meteor","connection","registerStore","createStore","newClientAvailable","retry","Retry","minCount","baseTimeout","failures","_retrySubscription","appId","subscribe","onError","error","console","log","retryLater","onReady","Package","reload","checkNewVersionDocument","doc","newVersionAvailable","watch","filter","startup","WebAppLocalServer","onNewVersionReady","Reload","_reload","checkForUpdates"],"mappings":"AAAAA,MAAM,CAACC,MAAP,CAAc;AAACC,EAAAA,UAAU,EAAC,YAAU;AAAC,WAAOA,UAAP;AAAkB;AAAzC,CAAd;AAA0D,IAAIC,cAAJ;AAAmBH,MAAM,CAACI,IAAP,CAAY,sBAAZ,EAAmC;AAACD,EAAAA,cAAc,EAAC,UAASE,CAAT,EAAW;AAACF,IAAAA,cAAc,GAACE,CAAf;AAAiB;AAA7C,CAAnC,EAAkF,CAAlF;AAE7E,IAAIC,yBAAyB,GAC3BC,yBAAyB,CAACC,UAA1B,CAAqCC,QAArC,CAA8C,aAA9C,KAAgE;AAC9DC,EAAAA,OAAO,EAAE;AADqD,CADlE;AAKO,IAAMR,UAAU,GAAG,EAAnB;AAEP;AACA,IAAMS,cAAc,GAAG,IAAIR,cAAJ,EAAvB;AAEAS,MAAM,CAACC,UAAP,CAAkBC,aAAlB,CACE,kCADF,EAEEH,cAAc,CAACI,WAAf,EAFF;;AAKAb,UAAU,CAACc,kBAAX,GAAgC,YAAY;AAC1C,SAAOL,cAAc,CAACK,kBAAf,CACL,aADK,EAEL,CAAC,SAAD,CAFK,EAGLV,yBAHK,CAAP;AAKD,CAND;;AAQA,IAAIW,KAAK,GAAG,IAAIC,KAAJ,CAAU;AACpB;AACA;AACA;AACA;AACA;AACA;AACA;AACA;AACAC,EAAAA,QAAQ,EAAE,CATU;AASP;AACbC,EAAAA,WAAW,EAAE,KAAG,IAVI,CAUC;;AAVD,CAAV,CAAZ;AAaA,IAAIC,QAAQ,GAAG,CAAf;;AAEAnB,UAAU,CAACoB,kBAAX,GAAgC,YAAM;AACpC,6BAAkBf,yBAAlB;AAAA,MAAQgB,KAAR,wBAAQA,KAAR;AAEAX,EAAAA,MAAM,CAACY,SAAP,CAAiB,kCAAjB,EAAqDD,KAArD,EAA4D;AAC1DE,IAAAA,OAD0D,YAClDC,KADkD,EAC3C;AACbC,MAAAA,OAAO,CAACC,GAAR,CAAY,iCAAZ,EAA+CF,KAA/C;AACAL,MAAAA,QAAQ;AACRJ,MAAAA,KAAK,CAACY,UAAN,CAAiBR,QAAjB,EAA2B,YAAW;AACpC;AACA;AACA;AACA;AACA;AACA;AACA;AACAnB,QAAAA,UAAU,CAACoB,kBAAX;AACD,OATD;AAUD,KAdyD;AAgB1DQ,IAAAA,OAhB0D,cAgBhD;AACR,UAAIC,OAAO,CAACC,MAAZ,EAAoB;AAAA,YACTC,uBADS,GAClB,UAAiCC,GAAjC,EAAsC;AACpC,cAAIA,GAAG,CAACxB,OAAJ,KAAgBJ,yBAAyB,CAACI,OAA9C,EAAuD;AACrDyB,YAAAA,mBAAmB;AACpB;AACF,SALiB;;AAOlBxB,QAAAA,cAAc,CAACyB,KAAf,CAAqBH,uBAArB,EAA8C;AAC5CI,UAAAA,MAAM,EAAE;AADoC,SAA9C;AAGD;AACF;AA5ByD,GAA5D;AA8BD,CAjCD;;AAmCAzB,MAAM,CAAC0B,OAAP,CAAe,YAAM;AACnBC,EAAAA,iBAAiB,CAACC,iBAAlB,CAAoC,YAAM;AACxC,QAAIT,OAAO,CAACC,MAAZ,EAAoB;AAClBD,MAAAA,OAAO,CAACC,MAAR,CAAeS,MAAf,CAAsBC,OAAtB;AACD;AACF,GAJD;;AAMAxC,EAAAA,UAAU,CAACoB,kBAAX;AACD,CARD;;AAUA,SAASa,mBAAT,GAA+B;AAC7BI,EAAAA,iBAAiB,CAACI,eAAlB;AACD","sourcesContent":["import { ClientVersions } from \"./client_versions.js\";\n\nvar autoupdateVersionsCordova =\n  __meteor_runtime_config__.autoupdate.versions[\"web.cordova\"] || {\n    version: \"unknown\"\n  };\n\nexport const Autoupdate = {};\n\n// Stores acceptable client versions.\nconst clientVersions = new ClientVersions();\n\nMeteor.connection.registerStore(\n  \"meteor_autoupdate_clientVersions\",\n  clientVersions.createStore()\n);\n\nAutoupdate.newClientAvailable = function () {\n  return clientVersions.newClientAvailable(\n    \"web.cordova\",\n    [\"version\"],\n    autoupdateVersionsCordova\n  );\n};\n\nvar retry = new Retry({\n  // Unlike the stream reconnect use of Retry, which we want to be instant\n  // in normal operation, this is a wacky failure. We don't want to retry\n  // right away, we can start slowly.\n  //\n  // A better way than timeconstants here might be to use the knowledge\n  // of when we reconnect to help trigger these retries. Typically, the\n  // server fixing code will result in a restart and reconnect, but\n  // potentially the subscription could have a transient error.\n  minCount: 0, // don't do any immediate retries\n  baseTimeout: 30*1000 // start with 30s\n});\n\nlet failures = 0;\n\nAutoupdate._retrySubscription = () => {\n  const { appId } = __meteor_runtime_config__;\n\n  Meteor.subscribe(\"meteor_autoupdate_clientVersions\", appId, {\n    onError(error) {\n      console.log(\"autoupdate subscription failed:\", error);\n      failures++;\n      retry.retryLater(failures, function() {\n        // Just retry making the subscription, don't reload the whole\n        // page. While reloading would catch more cases (for example,\n        // the server went back a version and is now doing old-style hot\n        // code push), it would also be more prone to reload loops,\n        // which look really bad to the user. Just retrying the\n        // subscription over DDP means it is at least possible to fix by\n        // updating the server.\n        Autoupdate._retrySubscription();\n      });\n    },\n\n    onReady() {\n      if (Package.reload) {\n        function checkNewVersionDocument(doc) {\n          if (doc.version !== autoupdateVersionsCordova.version) {\n            newVersionAvailable();\n          }\n        }\n\n        clientVersions.watch(checkNewVersionDocument, {\n          filter: \"web.cordova\"\n        });\n      }\n    }\n  });\n};\n\nMeteor.startup(() => {\n  WebAppLocalServer.onNewVersionReady(() => {\n    if (Package.reload) {\n      Package.reload.Reload._reload();\n    }\n  });\n\n  Autoupdate._retrySubscription();\n});\n\nfunction newVersionAvailable() {\n  WebAppLocalServer.checkForUpdates();\n}\n"]},"sourceType":"module","hash":"534c496b56792d78de3d949befa69d9225c35ca4"}
