{"metadata":{},"options":{"assumptions":{},"compact":false,"sourceMaps":true,"ast":true,"babelrc":false,"configFile":false,"parserOpts":{"sourceType":"module","sourceFileName":"/home/matheuswm/Downloads/teste/packages/http/httpcall_client.js","plugins":["*","flow","jsx","asyncGenerators","bigInt","classPrivateMethods","classPrivateProperties","classProperties","doExpressions","dynamicImport","exportDefaultFrom","exportExtensions","exportNamespaceFrom","functionBind","functionSent","importMeta","nullishCoalescingOperator","numericSeparator","objectRestSpread","optionalCatchBinding","optionalChaining",["pipelineOperator",{"proposal":"minimal"}],"throwExpressions","classProperties","classPrivateProperties","jsx","nullishCoalescingOperator","nullishCoalescingOperator","optionalChaining","optionalCatchBinding","optionalCatchBinding","classProperties","classPrivateProperties","classPrivateMethods","classProperties","classPrivateProperties","asyncGenerators","asyncGenerators","objectRestSpread","objectRestSpread","logicalAssignment"],"allowImportExportEverywhere":true,"allowReturnOutsideFunction":true,"allowUndeclaredExports":true,"strictMode":false},"caller":{"name":"meteor","arch":"web.browser"},"sourceFileName":"packages/http/httpcall_client.js","filename":"/home/matheuswm/Downloads/teste/packages/http/httpcall_client.js","targets":{},"cloneInputAst":true,"browserslistConfigFile":false,"passPerPreset":false,"envName":"development","cwd":"/home/matheuswm/Downloads/teste","root":"/home/matheuswm/Downloads/teste","rootMode":"root","plugins":[{"key":"base$0","visitor":{"_exploded":true,"_verified":true},"options":{}},{"key":"base$0$0","visitor":{"Program":{"enter":[null],"exit":[null]},"_exploded":true,"_verified":true},"options":{"avoidModernSyntax":false,"enforceStrictMode":false,"dynamicImport":true,"generateLetDeclarations":true}},{"key":"transform-runtime","visitor":{"MemberExpression":{"enter":[null]},"ObjectPattern":{"enter":[null]},"BinaryExpression":{"enter":[null]},"_exploded":{},"_verified":{},"Identifier":{"enter":[null]},"JSXIdentifier":{"enter":[null]}},"options":{"version":"7.15.3","helpers":true,"useESModules":false,"corejs":false}},{"key":"proposal-class-properties","visitor":{"PrivateName":{"enter":[null]},"ExportDefaultDeclaration":{"enter":[null]},"_exploded":true,"_verified":true,"ClassExpression":{"enter":[null]},"ClassDeclaration":{"enter":[null]}},"options":{"loose":true}},{"key":"transform-react-jsx","visitor":{"_exploded":{},"_verified":{},"JSXNamespacedName":{"enter":[null]},"JSXSpreadChild":{"enter":[null]},"Program":{"enter":[null]},"JSXElement":{"exit":[null]},"JSXFragment":{"exit":[null]},"JSXAttribute":{"enter":[null]}},"options":{"pragma":"React.createElement","pragmaFrag":"React.Fragment","runtime":"classic","throwIfNamespace":true,"useBuiltIns":false}},{"key":"transform-react-display-name","visitor":{"ExportDefaultDeclaration":{"enter":[null]},"CallExpression":{"enter":[null]},"_exploded":true,"_verified":true},"options":{}},{"key":"transform-react-pure-annotations","visitor":{"CallExpression":{"enter":[null]},"_exploded":true,"_verified":true},"options":{}},{"key":"syntax-nullish-coalescing-operator","visitor":{"_exploded":true,"_verified":true},"options":{}},{"key":"proposal-nullish-coalescing-operator","visitor":{"_exploded":{},"_verified":{},"LogicalExpression":{"enter":[null]}},"options":{}},{"key":"syntax-optional-chaining","visitor":{"_exploded":true,"_verified":true},"options":{}},{"key":"proposal-optional-chaining","visitor":{"_exploded":true,"OptionalCallExpression":{"enter":[null]},"OptionalMemberExpression":{"enter":[null]},"_verified":true},"options":{}},{"key":"syntax-optional-catch-binding","visitor":{"_exploded":true,"_verified":true},"options":{}},{"key":"proposal-optional-catch-binding","visitor":{"_exploded":{},"_verified":{},"CatchClause":{"enter":[null]}},"options":{}},{"key":"syntax-class-properties","visitor":{"_exploded":true,"_verified":true},"options":{}},{"key":"proposal-class-properties","visitor":{"PrivateName":{"enter":[null]},"ExportDefaultDeclaration":{"enter":[null]},"_exploded":true,"_verified":true,"ClassExpression":{"enter":[null]},"ClassDeclaration":{"enter":[null]}},"options":{}},{"key":"syntax-async-generators","visitor":{"_exploded":true,"_verified":true},"options":{}},{"key":"proposal-async-generator-functions","visitor":{"_exploded":{},"_verified":{},"Program":{"enter":[null]}},"options":{}},{"key":"syntax-object-rest-spread","visitor":{"_exploded":true,"_verified":true},"options":{}},{"key":"proposal-object-rest-spread","visitor":{"_exploded":{},"_verified":{},"VariableDeclarator":{"enter":[null]},"ExportNamedDeclaration":{"enter":[null]},"CatchClause":{"enter":[null]},"AssignmentExpression":{"enter":[null]},"ArrayPattern":{"enter":[null]},"ObjectExpression":{"enter":[null]},"FunctionDeclaration":{"enter":[null]},"FunctionExpression":{"enter":[null]},"ObjectMethod":{"enter":[null]},"ArrowFunctionExpression":{"enter":[null]},"ClassMethod":{"enter":[null]},"ClassPrivateMethod":{"enter":[null]},"ForInStatement":{"enter":[null]},"ForOfStatement":{"enter":[null]}},"options":{}},{"key":"proposal-logical-assignment-operators","visitor":{"_exploded":{},"_verified":{},"AssignmentExpression":{"enter":[null]}},"options":{}},{"key":"transform-literals","visitor":{"NumericLiteral":{"enter":[null]},"StringLiteral":{"enter":[null]},"_exploded":true,"_verified":true},"options":{}},{"key":"transform-template-literals","visitor":{"TaggedTemplateExpression":{"enter":[null]},"TemplateLiteral":{"enter":[null]},"_exploded":true,"_verified":true},"options":{}},{"key":"transform-parameters","visitor":{"_exploded":true,"_verified":true,"FunctionDeclaration":{"enter":[null]},"FunctionExpression":{"enter":[null]},"ObjectMethod":{"enter":[null]},"ArrowFunctionExpression":{"enter":[null]},"ClassMethod":{"enter":[null]},"ClassPrivateMethod":{"enter":[null]}},"options":{}},{"key":"transform-exponentiation-operator","visitor":{"AssignmentExpression":{"enter":[null]},"BinaryExpression":{"enter":[null]},"_exploded":true,"_verified":true},"options":{}}],"presets":[],"generatorOpts":{"filename":"/home/matheuswm/Downloads/teste/packages/http/httpcall_client.js","comments":true,"compact":false,"sourceMaps":true,"sourceFileName":"packages/http/httpcall_client.js"}},"code":"!function (module1) {\n  var URL = require(\"meteor/url\").URL;\n\n  var common = require(\"./httpcall_common.js\");\n\n  var HTTP = exports.HTTP = common.HTTP;\n  var hasOwn = Object.prototype.hasOwnProperty;\n  /**\n   * @summary Perform an outbound HTTP request.\n   * @locus Anywhere\n   * @deprecated\n   * @param {String} method The [HTTP method](http://en.wikipedia.org/wiki/HTTP_method) to use, such as \"`GET`\", \"`POST`\", or \"`HEAD`\".\n   * @param {String} url The URL to retrieve.\n   * @param {Object} [options]\n   * @param {String} options.content String to use as the HTTP request body.\n   * @param {Object} options.data JSON-able object to stringify and use as the HTTP request body. Overwrites `content`.\n   * @param {String} options.query Query string to go in the URL. Overwrites any query string in `url`.\n   * @param {Object} options.params Dictionary of request parameters to be encoded and placed in the URL (for GETs) or request body (for POSTs).  If `content` or `data` is specified, `params` will always be placed in the URL.\n   * @param {String} options.auth HTTP basic authentication string of the form `\"username:password\"`\n   * @param {Object} options.headers Dictionary of strings, headers to add to the HTTP request.\n   * @param {Number} options.timeout Maximum time in milliseconds to wait for the request before failing.  There is no timeout by default.\n   * @param {Boolean} options.followRedirects If `true`, transparently follow HTTP redirects. Cannot be set to `false` on the client. Default `true`.\n   * @param {Object} options.npmRequestOptions On the server, `HTTP.call` is implemented by using the [npm `request` module](https://www.npmjs.com/package/request). Any options in this object will be passed directly to the `request` invocation.\n   * @param {Function} options.beforeSend On the client, this will be called before the request is sent to allow for more direct manipulation of the underlying XMLHttpRequest object, which will be passed as the first argument. If the callback returns `false`, the request will be not be sent.\n   * @param {Function} [asyncCallback] Optional callback.  If passed, the method runs asynchronously, instead of synchronously, and calls asyncCallback.  On the client, this callback is required.\n   */\n\n  HTTP.call = function (method, url, options, callback) {\n    ////////// Process arguments //////////\n    if (!callback && typeof options === \"function\") {\n      // support (method, url, callback) argument list\n      callback = options;\n      options = null;\n    }\n\n    options = options || {};\n    if (typeof callback !== \"function\") throw new Error(\"Can't make a blocking HTTP call from the client; callback required.\");\n    method = (method || \"\").toUpperCase();\n    var headers = {};\n    var content = options.content;\n\n    if (options.data) {\n      content = JSON.stringify(options.data);\n      headers['Content-Type'] = 'application/json';\n    }\n\n    var params_for_url, params_for_body;\n    if (content || method === \"GET\" || method === \"HEAD\") params_for_url = options.params;else params_for_body = options.params;\n    url = URL._constructUrl(url, options.query, params_for_url);\n    if (options.followRedirects === false) throw new Error(\"Option followRedirects:false not supported on client.\");\n\n    if (hasOwn.call(options, 'npmRequestOptions')) {\n      throw new Error(\"Option npmRequestOptions not supported on client.\");\n    }\n\n    var username, password;\n\n    if (options.auth) {\n      var colonLoc = options.auth.indexOf(':');\n      if (colonLoc < 0) throw new Error('Option auth should be of the form \"username:password\"');\n      username = options.auth.substring(0, colonLoc);\n      password = options.auth.substring(colonLoc + 1);\n    }\n\n    if (params_for_body) {\n      content = URL._encodeParams(params_for_body);\n    }\n\n    if (options.headers) {\n      Object.keys(options.headers).forEach(function (key) {\n        headers[key] = options.headers[key];\n      });\n    } ////////// Callback wrapping //////////\n    // wrap callback to add a 'response' property on an error, in case\n    // we have both (http 4xx/5xx error, which has a response payload)\n\n\n    callback = function (callback) {\n      var called = false;\n      return function (error, response) {\n        if (!called) {\n          called = true;\n\n          if (error && response) {\n            error.response = response;\n          }\n\n          callback(error, response);\n        }\n      };\n    }(callback); ////////// Kickoff! //////////\n    // from this point on, errors are because of something remote, not\n    // something we should check in advance. Turn exceptions into error\n    // results.\n\n\n    try {\n      // setup XHR object\n      var xhr;\n      if (typeof XMLHttpRequest !== \"undefined\") xhr = new XMLHttpRequest();else if (typeof ActiveXObject !== \"undefined\") xhr = new ActiveXObject(\"Microsoft.XMLHttp\"); // IE6\n      else throw new Error(\"Can't create XMLHttpRequest\"); // ???\n\n      xhr.open(method, url, true, username, password);\n\n      for (var k in headers) xhr.setRequestHeader(k, headers[k]); // setup timeout\n\n\n      var timed_out = false;\n      var timer;\n\n      if (options.timeout) {\n        timer = Meteor.setTimeout(function () {\n          timed_out = true;\n          xhr.abort();\n        }, options.timeout);\n      }\n\n      ; // callback on complete\n\n      xhr.onreadystatechange = function (evt) {\n        if (xhr.readyState === 4) {\n          // COMPLETE\n          if (timer) Meteor.clearTimeout(timer);\n\n          if (timed_out) {\n            callback(new Error(\"Connection timeout\"));\n          } else if (!xhr.status) {\n            // no HTTP response\n            callback(new Error(\"Connection lost\"));\n          } else {\n            var response = {};\n            response.statusCode = xhr.status;\n            response.content = xhr.responseText;\n            response.headers = {};\n            var header_str = xhr.getAllResponseHeaders(); // https://github.com/meteor/meteor/issues/553\n            //\n            // In Firefox there is a weird issue, sometimes\n            // getAllResponseHeaders returns the empty string, but\n            // getResponseHeader returns correct results. Possibly this\n            // issue:\n            // https://bugzilla.mozilla.org/show_bug.cgi?id=608735\n            //\n            // If this happens we can't get a full list of headers, but\n            // at least get content-type so our JSON decoding happens\n            // correctly. In theory, we could try and rescue more header\n            // values with a list of common headers, but content-type is\n            // the only vital one for now.\n\n            if (\"\" === header_str && xhr.getResponseHeader(\"content-type\")) header_str = \"content-type: \" + xhr.getResponseHeader(\"content-type\");\n            var headers_raw = header_str.split(/\\r?\\n/);\n            headers_raw.forEach(function (h) {\n              var m = /^(.*?):(?:\\s+)(.*)$/.exec(h);\n\n              if (m && m.length === 3) {\n                response.headers[m[1].toLowerCase()] = m[2];\n              }\n            });\n            common.populateData(response);\n            var error = null;\n\n            if (response.statusCode >= 400) {\n              error = common.makeErrorByStatus(response.statusCode, response.content);\n            }\n\n            callback(error, response);\n          }\n        }\n      }; // Allow custom control over XHR and abort early.\n\n\n      if (typeof options.beforeSend === \"function\") {\n        // Call the callback and check to see if the request was aborted\n        if (false === options.beforeSend.call(null, xhr, options)) {\n          return xhr.abort();\n        }\n      } // send it on its way\n\n\n      xhr.send(content);\n    } catch (err) {\n      callback(err);\n    }\n  };\n}.call(this, module);","map":{"version":3,"sources":["packages/http/httpcall_client.js"],"names":["URL","require","common","HTTP","exports","hasOwn","Object","prototype","hasOwnProperty","call","method","url","options","callback","Error","toUpperCase","headers","content","data","JSON","stringify","params_for_url","params_for_body","params","_constructUrl","query","followRedirects","username","password","auth","colonLoc","indexOf","substring","_encodeParams","keys","forEach","key","called","error","response","xhr","XMLHttpRequest","ActiveXObject","open","k","setRequestHeader","timed_out","timer","timeout","Meteor","setTimeout","abort","onreadystatechange","evt","readyState","clearTimeout","status","statusCode","responseText","header_str","getAllResponseHeaders","getResponseHeader","headers_raw","split","h","m","exec","length","toLowerCase","populateData","makeErrorByStatus","beforeSend","send","err"],"mappings":";AAAA,MAAIA,GAAG,GAAGC,OAAO,CAAC,YAAD,CAAP,CAAsBD,GAAhC;;AACA,MAAIE,MAAM,GAAGD,OAAO,CAAC,sBAAD,CAApB;;AACA,MAAIE,IAAI,GAAGC,OAAO,CAACD,IAAR,GAAeD,MAAM,CAACC,IAAjC;AACA,MAAIE,MAAM,GAAGC,MAAM,CAACC,SAAP,CAAiBC,cAA9B;AAEA;AACA;AACA;AACA;AACA;AACA;AACA;AACA;AACA;AACA;AACA;AACA;AACA;AACA;AACA;AACA;AACA;AACA;AACA;;AACAL,EAAAA,IAAI,CAACM,IAAL,GAAY,UAASC,MAAT,EAAiBC,GAAjB,EAAsBC,OAAtB,EAA+BC,QAA/B,EAAyC;AAEnD;AAEA,QAAI,CAAEA,QAAF,IAAc,OAAOD,OAAP,KAAmB,UAArC,EAAiD;AAC/C;AACAC,MAAAA,QAAQ,GAAGD,OAAX;AACAA,MAAAA,OAAO,GAAG,IAAV;AACD;;AAEDA,IAAAA,OAAO,GAAGA,OAAO,IAAI,EAArB;AAEA,QAAI,OAAOC,QAAP,KAAoB,UAAxB,EACE,MAAM,IAAIC,KAAJ,CACJ,qEADI,CAAN;AAGFJ,IAAAA,MAAM,GAAG,CAACA,MAAM,IAAI,EAAX,EAAeK,WAAf,EAAT;AAEA,QAAIC,OAAO,GAAG,EAAd;AAEA,QAAIC,OAAO,GAAGL,OAAO,CAACK,OAAtB;;AACA,QAAIL,OAAO,CAACM,IAAZ,EAAkB;AAChBD,MAAAA,OAAO,GAAGE,IAAI,CAACC,SAAL,CAAeR,OAAO,CAACM,IAAvB,CAAV;AACAF,MAAAA,OAAO,CAAC,cAAD,CAAP,GAA0B,kBAA1B;AACD;;AAED,QAAIK,cAAJ,EAAoBC,eAApB;AACA,QAAIL,OAAO,IAAIP,MAAM,KAAK,KAAtB,IAA+BA,MAAM,KAAK,MAA9C,EACEW,cAAc,GAAGT,OAAO,CAACW,MAAzB,CADF,KAGED,eAAe,GAAGV,OAAO,CAACW,MAA1B;AAEFZ,IAAAA,GAAG,GAAGX,GAAG,CAACwB,aAAJ,CAAkBb,GAAlB,EAAuBC,OAAO,CAACa,KAA/B,EAAsCJ,cAAtC,CAAN;AAEA,QAAIT,OAAO,CAACc,eAAR,KAA4B,KAAhC,EACE,MAAM,IAAIZ,KAAJ,CAAU,uDAAV,CAAN;;AAEF,QAAIT,MAAM,CAACI,IAAP,CAAYG,OAAZ,EAAqB,mBAArB,CAAJ,EAA+C;AAC7C,YAAM,IAAIE,KAAJ,CAAU,mDAAV,CAAN;AACD;;AAED,QAAIa,QAAJ,EAAcC,QAAd;;AACA,QAAIhB,OAAO,CAACiB,IAAZ,EAAkB;AAChB,UAAIC,QAAQ,GAAGlB,OAAO,CAACiB,IAAR,CAAaE,OAAb,CAAqB,GAArB,CAAf;AACA,UAAID,QAAQ,GAAG,CAAf,EACE,MAAM,IAAIhB,KAAJ,CAAU,uDAAV,CAAN;AACFa,MAAAA,QAAQ,GAAGf,OAAO,CAACiB,IAAR,CAAaG,SAAb,CAAuB,CAAvB,EAA0BF,QAA1B,CAAX;AACAF,MAAAA,QAAQ,GAAGhB,OAAO,CAACiB,IAAR,CAAaG,SAAb,CAAuBF,QAAQ,GAAC,CAAhC,CAAX;AACD;;AAED,QAAIR,eAAJ,EAAqB;AACnBL,MAAAA,OAAO,GAAGjB,GAAG,CAACiC,aAAJ,CAAkBX,eAAlB,CAAV;AACD;;AAED,QAAIV,OAAO,CAACI,OAAZ,EAAqB;AACnBV,MAAAA,MAAM,CAAC4B,IAAP,CAAYtB,OAAO,CAACI,OAApB,EAA6BmB,OAA7B,CAAqC,UAAUC,GAAV,EAAe;AAClDpB,QAAAA,OAAO,CAACoB,GAAD,CAAP,GAAexB,OAAO,CAACI,OAAR,CAAgBoB,GAAhB,CAAf;AACD,OAFD;AAGD,KA1DkD,CA4DnD;AAEA;AACA;;;AACAvB,IAAAA,QAAQ,GAAI,UAASA,QAAT,EAAmB;AAC7B,UAAIwB,MAAM,GAAG,KAAb;AACA,aAAO,UAASC,KAAT,EAAgBC,QAAhB,EAA0B;AAC/B,YAAI,CAAEF,MAAN,EAAc;AACZA,UAAAA,MAAM,GAAG,IAAT;;AACA,cAAIC,KAAK,IAAIC,QAAb,EAAuB;AACrBD,YAAAA,KAAK,CAACC,QAAN,GAAiBA,QAAjB;AACD;;AACD1B,UAAAA,QAAQ,CAACyB,KAAD,EAAQC,QAAR,CAAR;AACD;AACF,OARD;AASD,KAXU,CAWR1B,QAXQ,CAAX,CAhEmD,CA6EnD;AAEA;AACA;AACA;;;AACA,QAAI;AACF;AACA,UAAI2B,GAAJ;AACA,UAAI,OAAOC,cAAP,KAA0B,WAA9B,EACED,GAAG,GAAG,IAAIC,cAAJ,EAAN,CADF,KAEK,IAAI,OAAOC,aAAP,KAAyB,WAA7B,EACHF,GAAG,GAAG,IAAIE,aAAJ,CAAkB,mBAAlB,CAAN,CADG,CAC2C;AAD3C,WAGH,MAAM,IAAI5B,KAAJ,CAAU,6BAAV,CAAN,CARA,CAQgD;;AAElD0B,MAAAA,GAAG,CAACG,IAAJ,CAASjC,MAAT,EAAiBC,GAAjB,EAAsB,IAAtB,EAA4BgB,QAA5B,EAAsCC,QAAtC;;AAEA,WAAK,IAAIgB,CAAT,IAAc5B,OAAd,EACEwB,GAAG,CAACK,gBAAJ,CAAqBD,CAArB,EAAwB5B,OAAO,CAAC4B,CAAD,CAA/B,EAbA,CAgBF;;;AACA,UAAIE,SAAS,GAAG,KAAhB;AACA,UAAIC,KAAJ;;AACA,UAAInC,OAAO,CAACoC,OAAZ,EAAqB;AACnBD,QAAAA,KAAK,GAAGE,MAAM,CAACC,UAAP,CAAkB,YAAW;AACnCJ,UAAAA,SAAS,GAAG,IAAZ;AACAN,UAAAA,GAAG,CAACW,KAAJ;AACD,SAHO,EAGLvC,OAAO,CAACoC,OAHH,CAAR;AAID;;AAAA,OAxBC,CA0BF;;AACAR,MAAAA,GAAG,CAACY,kBAAJ,GAAyB,UAASC,GAAT,EAAc;AACrC,YAAIb,GAAG,CAACc,UAAJ,KAAmB,CAAvB,EAA0B;AAAE;AAC1B,cAAIP,KAAJ,EACEE,MAAM,CAACM,YAAP,CAAoBR,KAApB;;AAEF,cAAID,SAAJ,EAAe;AACbjC,YAAAA,QAAQ,CAAC,IAAIC,KAAJ,CAAU,oBAAV,CAAD,CAAR;AACD,WAFD,MAEO,IAAI,CAAE0B,GAAG,CAACgB,MAAV,EAAkB;AACvB;AACA3C,YAAAA,QAAQ,CAAC,IAAIC,KAAJ,CAAU,iBAAV,CAAD,CAAR;AACD,WAHM,MAGA;AAEL,gBAAIyB,QAAQ,GAAG,EAAf;AACAA,YAAAA,QAAQ,CAACkB,UAAT,GAAsBjB,GAAG,CAACgB,MAA1B;AACAjB,YAAAA,QAAQ,CAACtB,OAAT,GAAmBuB,GAAG,CAACkB,YAAvB;AAEAnB,YAAAA,QAAQ,CAACvB,OAAT,GAAmB,EAAnB;AACA,gBAAI2C,UAAU,GAAGnB,GAAG,CAACoB,qBAAJ,EAAjB,CAPK,CASL;AACA;AACA;AACA;AACA;AACA;AACA;AACA;AACA;AACA;AACA;AACA;AACA;;AACA,gBAAI,OAAOD,UAAP,IAAqBnB,GAAG,CAACqB,iBAAJ,CAAsB,cAAtB,CAAzB,EACEF,UAAU,GACV,mBAAmBnB,GAAG,CAACqB,iBAAJ,CAAsB,cAAtB,CADnB;AAGF,gBAAIC,WAAW,GAAGH,UAAU,CAACI,KAAX,CAAiB,OAAjB,CAAlB;AACAD,YAAAA,WAAW,CAAC3B,OAAZ,CAAoB,UAAU6B,CAAV,EAAa;AAC/B,kBAAIC,CAAC,GAAG,sBAAsBC,IAAtB,CAA2BF,CAA3B,CAAR;;AACA,kBAAIC,CAAC,IAAIA,CAAC,CAACE,MAAF,KAAa,CAAtB,EAAyB;AACvB5B,gBAAAA,QAAQ,CAACvB,OAAT,CAAiBiD,CAAC,CAAC,CAAD,CAAD,CAAKG,WAAL,EAAjB,IAAuCH,CAAC,CAAC,CAAD,CAAxC;AACD;AACF,aALD;AAOA/D,YAAAA,MAAM,CAACmE,YAAP,CAAoB9B,QAApB;AAEA,gBAAID,KAAK,GAAG,IAAZ;;AACA,gBAAIC,QAAQ,CAACkB,UAAT,IAAuB,GAA3B,EAAgC;AAC9BnB,cAAAA,KAAK,GAAGpC,MAAM,CAACoE,iBAAP,CACN/B,QAAQ,CAACkB,UADH,EAENlB,QAAQ,CAACtB,OAFH,CAAR;AAID;;AAEDJ,YAAAA,QAAQ,CAACyB,KAAD,EAAQC,QAAR,CAAR;AACD;AACF;AACF,OAzDD,CA3BE,CAsFF;;;AACA,UAAI,OAAO3B,OAAO,CAAC2D,UAAf,KAA8B,UAAlC,EAA8C;AAC5C;AACA,YAAI,UAAU3D,OAAO,CAAC2D,UAAR,CAAmB9D,IAAnB,CAAwB,IAAxB,EAA8B+B,GAA9B,EAAmC5B,OAAnC,CAAd,EAA2D;AACzD,iBAAO4B,GAAG,CAACW,KAAJ,EAAP;AACD;AACF,OA5FC,CA8FF;;;AACAX,MAAAA,GAAG,CAACgC,IAAJ,CAASvD,OAAT;AAED,KAjGD,CAiGE,OAAOwD,GAAP,EAAY;AACZ5D,MAAAA,QAAQ,CAAC4D,GAAD,CAAR;AACD;AACF,GAtLD","sourcesContent":["var URL = require(\"meteor/url\").URL;\nvar common = require(\"./httpcall_common.js\");\nvar HTTP = exports.HTTP = common.HTTP;\nvar hasOwn = Object.prototype.hasOwnProperty;\n\n/**\n * @summary Perform an outbound HTTP request.\n * @locus Anywhere\n * @deprecated\n * @param {String} method The [HTTP method](http://en.wikipedia.org/wiki/HTTP_method) to use, such as \"`GET`\", \"`POST`\", or \"`HEAD`\".\n * @param {String} url The URL to retrieve.\n * @param {Object} [options]\n * @param {String} options.content String to use as the HTTP request body.\n * @param {Object} options.data JSON-able object to stringify and use as the HTTP request body. Overwrites `content`.\n * @param {String} options.query Query string to go in the URL. Overwrites any query string in `url`.\n * @param {Object} options.params Dictionary of request parameters to be encoded and placed in the URL (for GETs) or request body (for POSTs).  If `content` or `data` is specified, `params` will always be placed in the URL.\n * @param {String} options.auth HTTP basic authentication string of the form `\"username:password\"`\n * @param {Object} options.headers Dictionary of strings, headers to add to the HTTP request.\n * @param {Number} options.timeout Maximum time in milliseconds to wait for the request before failing.  There is no timeout by default.\n * @param {Boolean} options.followRedirects If `true`, transparently follow HTTP redirects. Cannot be set to `false` on the client. Default `true`.\n * @param {Object} options.npmRequestOptions On the server, `HTTP.call` is implemented by using the [npm `request` module](https://www.npmjs.com/package/request). Any options in this object will be passed directly to the `request` invocation.\n * @param {Function} options.beforeSend On the client, this will be called before the request is sent to allow for more direct manipulation of the underlying XMLHttpRequest object, which will be passed as the first argument. If the callback returns `false`, the request will be not be sent.\n * @param {Function} [asyncCallback] Optional callback.  If passed, the method runs asynchronously, instead of synchronously, and calls asyncCallback.  On the client, this callback is required.\n */\nHTTP.call = function(method, url, options, callback) {\n\n  ////////// Process arguments //////////\n\n  if (! callback && typeof options === \"function\") {\n    // support (method, url, callback) argument list\n    callback = options;\n    options = null;\n  }\n\n  options = options || {};\n\n  if (typeof callback !== \"function\")\n    throw new Error(\n      \"Can't make a blocking HTTP call from the client; callback required.\");\n\n  method = (method || \"\").toUpperCase();\n\n  var headers = {};\n\n  var content = options.content;\n  if (options.data) {\n    content = JSON.stringify(options.data);\n    headers['Content-Type'] = 'application/json';\n  }\n\n  var params_for_url, params_for_body;\n  if (content || method === \"GET\" || method === \"HEAD\")\n    params_for_url = options.params;\n  else\n    params_for_body = options.params;\n\n  url = URL._constructUrl(url, options.query, params_for_url);\n\n  if (options.followRedirects === false)\n    throw new Error(\"Option followRedirects:false not supported on client.\");\n\n  if (hasOwn.call(options, 'npmRequestOptions')) {\n    throw new Error(\"Option npmRequestOptions not supported on client.\");\n  }\n\n  var username, password;\n  if (options.auth) {\n    var colonLoc = options.auth.indexOf(':');\n    if (colonLoc < 0)\n      throw new Error('Option auth should be of the form \"username:password\"');\n    username = options.auth.substring(0, colonLoc);\n    password = options.auth.substring(colonLoc+1);\n  }\n\n  if (params_for_body) {\n    content = URL._encodeParams(params_for_body);\n  }\n\n  if (options.headers) {\n    Object.keys(options.headers).forEach(function (key) {\n      headers[key] = options.headers[key];\n    });\n  }\n\n  ////////// Callback wrapping //////////\n\n  // wrap callback to add a 'response' property on an error, in case\n  // we have both (http 4xx/5xx error, which has a response payload)\n  callback = (function(callback) {\n    var called = false;\n    return function(error, response) {\n      if (! called) {\n        called = true;\n        if (error && response) {\n          error.response = response;\n        }\n        callback(error, response);\n      }\n    };\n  })(callback);\n\n  ////////// Kickoff! //////////\n\n  // from this point on, errors are because of something remote, not\n  // something we should check in advance. Turn exceptions into error\n  // results.\n  try {\n    // setup XHR object\n    var xhr;\n    if (typeof XMLHttpRequest !== \"undefined\")\n      xhr = new XMLHttpRequest();\n    else if (typeof ActiveXObject !== \"undefined\")\n      xhr = new ActiveXObject(\"Microsoft.XMLHttp\"); // IE6\n    else\n      throw new Error(\"Can't create XMLHttpRequest\"); // ???\n\n    xhr.open(method, url, true, username, password);\n\n    for (var k in headers)\n      xhr.setRequestHeader(k, headers[k]);\n\n\n    // setup timeout\n    var timed_out = false;\n    var timer;\n    if (options.timeout) {\n      timer = Meteor.setTimeout(function() {\n        timed_out = true;\n        xhr.abort();\n      }, options.timeout);\n    };\n\n    // callback on complete\n    xhr.onreadystatechange = function(evt) {\n      if (xhr.readyState === 4) { // COMPLETE\n        if (timer)\n          Meteor.clearTimeout(timer);\n\n        if (timed_out) {\n          callback(new Error(\"Connection timeout\"));\n        } else if (! xhr.status) {\n          // no HTTP response\n          callback(new Error(\"Connection lost\"));\n        } else {\n\n          var response = {};\n          response.statusCode = xhr.status;\n          response.content = xhr.responseText;\n\n          response.headers = {};\n          var header_str = xhr.getAllResponseHeaders();\n\n          // https://github.com/meteor/meteor/issues/553\n          //\n          // In Firefox there is a weird issue, sometimes\n          // getAllResponseHeaders returns the empty string, but\n          // getResponseHeader returns correct results. Possibly this\n          // issue:\n          // https://bugzilla.mozilla.org/show_bug.cgi?id=608735\n          //\n          // If this happens we can't get a full list of headers, but\n          // at least get content-type so our JSON decoding happens\n          // correctly. In theory, we could try and rescue more header\n          // values with a list of common headers, but content-type is\n          // the only vital one for now.\n          if (\"\" === header_str && xhr.getResponseHeader(\"content-type\"))\n            header_str =\n            \"content-type: \" + xhr.getResponseHeader(\"content-type\");\n\n          var headers_raw = header_str.split(/\\r?\\n/);\n          headers_raw.forEach(function (h) {\n            var m = /^(.*?):(?:\\s+)(.*)$/.exec(h);\n            if (m && m.length === 3) {\n              response.headers[m[1].toLowerCase()] = m[2];\n            }\n          });\n\n          common.populateData(response);\n\n          var error = null;\n          if (response.statusCode >= 400) {\n            error = common.makeErrorByStatus(\n              response.statusCode,\n              response.content\n            );\n          }\n\n          callback(error, response);\n        }\n      }\n    };\n\n    // Allow custom control over XHR and abort early.\n    if (typeof options.beforeSend === \"function\") {\n      // Call the callback and check to see if the request was aborted\n      if (false === options.beforeSend.call(null, xhr, options)) {\n        return xhr.abort();\n      }\n    }\n\n    // send it on its way\n    xhr.send(content);\n\n  } catch (err) {\n    callback(err);\n  }\n};\n"]},"sourceType":"module","hash":"6604b09cf5aa30730b686c9ea6df65a5053ca76e"}
