{"metadata":{},"options":{"assumptions":{},"compact":false,"sourceMaps":true,"ast":true,"babelrc":false,"configFile":false,"parserOpts":{"sourceType":"module","sourceFileName":"/home/matheuswm/Downloads/teste/imports/ui/Prioridade.jsx","plugins":["*","flow","jsx","asyncGenerators","bigInt","classPrivateMethods","classPrivateProperties","classProperties","doExpressions","dynamicImport","exportDefaultFrom","exportExtensions","exportNamespaceFrom","functionBind","functionSent","importMeta","nullishCoalescingOperator","numericSeparator","objectRestSpread","optionalCatchBinding","optionalChaining",["pipelineOperator",{"proposal":"minimal"}],"throwExpressions","classProperties","classPrivateProperties","jsx","nullishCoalescingOperator","nullishCoalescingOperator","optionalChaining","optionalCatchBinding","optionalCatchBinding","classProperties","classPrivateProperties","classPrivateMethods","classProperties","classPrivateProperties","asyncGenerators","asyncGenerators","objectRestSpread","objectRestSpread","logicalAssignment"],"allowImportExportEverywhere":true,"allowReturnOutsideFunction":true,"allowUndeclaredExports":true,"strictMode":false},"caller":{"name":"meteor","arch":"web.cordova"},"sourceFileName":"imports/ui/Prioridade.jsx","filename":"/home/matheuswm/Downloads/teste/imports/ui/Prioridade.jsx","targets":{},"cloneInputAst":true,"browserslistConfigFile":false,"passPerPreset":false,"envName":"development","cwd":"/home/matheuswm/Downloads/teste","root":"/home/matheuswm/Downloads/teste","rootMode":"root","plugins":[{"key":"base$0","visitor":{"_exploded":true,"_verified":true},"options":{}},{"key":"base$0$0","visitor":{"Program":{"enter":[null],"exit":[null]},"_exploded":true,"_verified":true},"options":{"avoidModernSyntax":true,"enforceStrictMode":false,"dynamicImport":true}},{"key":"transform-runtime","visitor":{"MemberExpression":{"enter":[null]},"ObjectPattern":{"enter":[null]},"BinaryExpression":{"enter":[null]},"_exploded":{},"_verified":{},"Identifier":{"enter":[null]},"JSXIdentifier":{"enter":[null]}},"options":{"version":"7.15.3","helpers":true,"useESModules":false,"corejs":false}},{"key":"proposal-class-properties","visitor":{"PrivateName":{"enter":[null]},"ExportDefaultDeclaration":{"enter":[null]},"_exploded":true,"_verified":true,"ClassExpression":{"enter":[null]},"ClassDeclaration":{"enter":[null]}},"options":{"loose":true}},{"key":"base$0$3","visitor":{"FunctionExpression":{"exit":[null]},"_exploded":true,"_verified":true},"options":{}},{"key":"base$0$4","visitor":{"ForInStatement":{"enter":[null]},"_exploded":true,"_verified":true},"options":{}},{"key":"transform-react-jsx","visitor":{"_exploded":{},"_verified":{},"JSXNamespacedName":{"enter":[null]},"JSXSpreadChild":{"enter":[null]},"Program":{"enter":[null]},"JSXElement":{"exit":[null]},"JSXFragment":{"exit":[null]},"JSXAttribute":{"enter":[null]}},"options":{"pragma":"React.createElement","pragmaFrag":"React.Fragment","runtime":"classic","throwIfNamespace":true,"useBuiltIns":false}},{"key":"transform-react-display-name","visitor":{"ExportDefaultDeclaration":{"enter":[null]},"CallExpression":{"enter":[null]},"_exploded":true,"_verified":true},"options":{}},{"key":"transform-react-pure-annotations","visitor":{"CallExpression":{"enter":[null]},"_exploded":true,"_verified":true},"options":{}},{"key":"syntax-nullish-coalescing-operator","visitor":{"_exploded":true,"_verified":true},"options":{}},{"key":"proposal-nullish-coalescing-operator","visitor":{"_exploded":{},"_verified":{},"LogicalExpression":{"enter":[null]}},"options":{}},{"key":"syntax-optional-chaining","visitor":{"_exploded":true,"_verified":true},"options":{}},{"key":"proposal-optional-chaining","visitor":{"_exploded":true,"OptionalCallExpression":{"enter":[null]},"OptionalMemberExpression":{"enter":[null]},"_verified":true},"options":{}},{"key":"syntax-optional-catch-binding","visitor":{"_exploded":true,"_verified":true},"options":{}},{"key":"proposal-optional-catch-binding","visitor":{"_exploded":{},"_verified":{},"CatchClause":{"enter":[null]}},"options":{}},{"key":"syntax-class-properties","visitor":{"_exploded":true,"_verified":true},"options":{}},{"key":"proposal-class-properties","visitor":{"PrivateName":{"enter":[null]},"ExportDefaultDeclaration":{"enter":[null]},"_exploded":true,"_verified":true,"ClassExpression":{"enter":[null]},"ClassDeclaration":{"enter":[null]}},"options":{}},{"key":"syntax-async-generators","visitor":{"_exploded":true,"_verified":true},"options":{}},{"key":"proposal-async-generator-functions","visitor":{"_exploded":{},"_verified":{},"Program":{"enter":[null]}},"options":{}},{"key":"syntax-object-rest-spread","visitor":{"_exploded":true,"_verified":true},"options":{}},{"key":"proposal-object-rest-spread","visitor":{"_exploded":{},"_verified":{},"VariableDeclarator":{"enter":[null]},"ExportNamedDeclaration":{"enter":[null]},"CatchClause":{"enter":[null]},"AssignmentExpression":{"enter":[null]},"ArrayPattern":{"enter":[null]},"ObjectExpression":{"enter":[null]},"FunctionDeclaration":{"enter":[null]},"FunctionExpression":{"enter":[null]},"ObjectMethod":{"enter":[null]},"ArrowFunctionExpression":{"enter":[null]},"ClassMethod":{"enter":[null]},"ClassPrivateMethod":{"enter":[null]},"ForInStatement":{"enter":[null]},"ForOfStatement":{"enter":[null]}},"options":{}},{"key":"proposal-logical-assignment-operators","visitor":{"_exploded":{},"_verified":{},"AssignmentExpression":{"enter":[null]}},"options":{}},{"key":"transform-arrow-functions","visitor":{"ArrowFunctionExpression":{"enter":[null]},"_exploded":true,"_verified":true},"options":{}},{"key":"transform-block-scoped-functions","visitor":{"BlockStatement":{"enter":[null]},"SwitchCase":{"enter":[null]},"_exploded":true,"_verified":true},"options":{}},{"key":"transform-block-scoping","visitor":{"VariableDeclaration":{"enter":[null]},"CatchClause":{"enter":[null]},"_exploded":true,"BlockStatement":{"enter":[null]},"SwitchStatement":{"enter":[null]},"Program":{"enter":[null]},"_verified":true,"DoWhileStatement":{"enter":[null]},"ForInStatement":{"enter":[null]},"ForStatement":{"enter":[null]},"WhileStatement":{"enter":[null]},"ForOfStatement":{"enter":[null]}},"options":{}},{"key":"transform-classes","visitor":{"ExportDefaultDeclaration":{"enter":[null]},"ClassDeclaration":{"enter":[null]},"ClassExpression":{"enter":[null]},"_exploded":true,"_verified":true},"options":{"loose":true}},{"key":"transform-computed-properties","visitor":{"ObjectExpression":{"exit":[null]},"_exploded":true,"_verified":true},"options":{"loose":true}},{"key":"transform-destructuring","visitor":{"ExportNamedDeclaration":{"enter":[null]},"CatchClause":{"enter":[null]},"AssignmentExpression":{"enter":[null]},"VariableDeclaration":{"enter":[null]},"_exploded":true,"_verified":true,"ForInStatement":{"enter":[null]},"ForOfStatement":{"enter":[null]}},"options":{}},{"key":"transform-for-of","visitor":{"ForOfStatement":{"enter":[null]},"_exploded":true,"_verified":true},"options":{"loose":true}},{"key":"transform-literals","visitor":{"NumericLiteral":{"enter":[null]},"StringLiteral":{"enter":[null]},"_exploded":true,"_verified":true},"options":{}},{"key":"transform-object-super","visitor":{"ObjectExpression":{"enter":[null]},"_exploded":true,"_verified":true},"options":{}},{"key":"transform-parameters","visitor":{"_exploded":true,"_verified":true,"FunctionDeclaration":{"enter":[null]},"FunctionExpression":{"enter":[null]},"ObjectMethod":{"enter":[null]},"ArrowFunctionExpression":{"enter":[null]},"ClassMethod":{"enter":[null]},"ClassPrivateMethod":{"enter":[null]}},"options":{}},{"key":"transform-shorthand-properties","visitor":{"ObjectMethod":{"enter":[null]},"ObjectProperty":{"enter":[null]},"_exploded":true,"_verified":true},"options":{}},{"key":"transform-spread","visitor":{"ArrayExpression":{"enter":[null]},"CallExpression":{"enter":[null]},"NewExpression":{"enter":[null]},"_exploded":true,"_verified":true},"options":{}},{"key":"transform-sticky-regex","visitor":{"RegExpLiteral":{"enter":[null]},"_exploded":true,"_verified":true},"options":{}},{"key":"transform-template-literals","visitor":{"TaggedTemplateExpression":{"enter":[null]},"TemplateLiteral":{"enter":[null]},"_exploded":true,"_verified":true},"options":{"loose":true}},{"key":"transform-typeof-symbol","visitor":{"UnaryExpression":{"enter":[null]},"_exploded":true,"_verified":true,"BlockStatement":{"enter":[null]},"CatchClause":{"enter":[null]},"DoWhileStatement":{"enter":[null]},"ForInStatement":{"enter":[null]},"ForStatement":{"enter":[null]},"FunctionDeclaration":{"enter":[null]},"FunctionExpression":{"enter":[null]},"Program":{"enter":[null]},"ObjectMethod":{"enter":[null]},"SwitchStatement":{"enter":[null]},"WhileStatement":{"enter":[null]},"ArrowFunctionExpression":{"enter":[null]},"ClassExpression":{"enter":[null]},"ClassDeclaration":{"enter":[null]},"ForOfStatement":{"enter":[null]},"ClassMethod":{"enter":[null]},"ClassPrivateMethod":{"enter":[null]},"StaticBlock":{"enter":[null]},"TSModuleBlock":{"enter":[null]},"AssignmentPattern":{"enter":[null]},"ArrayPattern":{"enter":[null]},"ObjectPattern":{"enter":[null]}},"options":{}},{"key":"transform-unicode-regex","visitor":{"RegExpLiteral":{"enter":[null]},"_exploded":true,"_verified":true},"options":{}},{"key":"transform-property-literals","visitor":{"ObjectProperty":{"exit":[null]},"_exploded":true,"_verified":true},"options":{}},{"key":"transform-exponentiation-operator","visitor":{"AssignmentExpression":{"enter":[null]},"BinaryExpression":{"enter":[null]},"_exploded":true,"_verified":true},"options":{}},{"key":"regenerator-transform","visitor":{"_exploded":true,"_verified":true,"ObjectMethod":{"enter":[null],"exit":[null]},"ClassMethod":{"enter":[null],"exit":[null]},"ClassPrivateMethod":{"enter":[null],"exit":[null]},"FunctionDeclaration":{"exit":[null]},"FunctionExpression":{"exit":[null]},"ArrowFunctionExpression":{"exit":[null]}},"options":{}}],"presets":[],"generatorOpts":{"filename":"/home/matheuswm/Downloads/teste/imports/ui/Prioridade.jsx","comments":true,"compact":false,"sourceMaps":true,"sourceFileName":"imports/ui/Prioridade.jsx"}},"code":"var _slicedToArray;\n\nmodule.link(\"@babel/runtime/helpers/slicedToArray\", {\n  default: function (v) {\n    _slicedToArray = v;\n  }\n}, 0);\nmodule.export({\n  PrioridadeSelect: function () {\n    return PrioridadeSelect;\n  }\n});\nvar React, useState, useEffect;\nmodule.link(\"react\", {\n  \"default\": function (v) {\n    React = v;\n  },\n  useState: function (v) {\n    useState = v;\n  },\n  useEffect: function (v) {\n    useEffect = v;\n  }\n}, 0);\nvar uniqid;\nmodule.link(\"uniqid\", {\n  \"default\": function (v) {\n    uniqid = v;\n  }\n}, 1);\n\nvar PrioridadeSelect = function (_ref) {\n  var task = _ref.task,\n      changePrioridade = _ref.changePrioridade,\n      prioridade = _ref.prioridade;\n\n  var _useState = useState(false),\n      _useState2 = _slicedToArray(_useState, 2),\n      val1 = _useState2[0],\n      Setval1 = _useState2[1];\n\n  var _useState3 = useState(false),\n      _useState4 = _slicedToArray(_useState3, 2),\n      val2 = _useState4[0],\n      Setval2 = _useState4[1];\n\n  var _useState5 = useState(false),\n      _useState6 = _slicedToArray(_useState5, 2),\n      val3 = _useState6[0],\n      Setval3 = _useState6[1];\n\n  var _useState7 = useState(false),\n      _useState8 = _slicedToArray(_useState7, 2),\n      val4 = _useState8[0],\n      Setval4 = _useState8[1];\n\n  var id = uniqid();\n  useEffect(function () {\n    if (prioridade == 0) {\n      Setval1(true);\n      Setval2(false);\n      Setval3(false);\n      Setval4(false);\n    }\n\n    if (prioridade == 1) {\n      Setval2(true);\n      Setval1(false);\n      Setval3(false);\n      Setval4(false);\n    }\n\n    if (prioridade == 2) {\n      Setval3(true);\n      Setval1(false);\n      Setval2(false);\n      Setval4(false);\n    }\n\n    if (prioridade == 3) {\n      Setval4(true);\n      Setval1(false);\n      Setval2(false);\n      Setval3(false);\n    }\n  });\n  return /*#__PURE__*/React.createElement(\"select\", {\n    id: id,\n    onChange: function () {\n      return changePrioridade(task, id);\n    },\n    name: \"select\"\n  }, /*#__PURE__*/React.createElement(\"option\", {\n    value: \"0\",\n    selected: val1\n  }, \"Selecione a prioridade\"), /*#__PURE__*/React.createElement(\"option\", {\n    value: \"1\",\n    selected: val2\n  }, \"Alto\"), /*#__PURE__*/React.createElement(\"option\", {\n    value: \"2\",\n    selected: val3\n  }, \"M\\xE9dio\"), /*#__PURE__*/React.createElement(\"option\", {\n    value: \"3\",\n    selected: val4\n  }, \"Baixo\"));\n};","map":{"version":3,"sources":["imports/ui/Prioridade.jsx"],"names":["_slicedToArray","module","link","default","v","export","PrioridadeSelect","React","useState","useEffect","uniqid","task","changePrioridade","prioridade","val1","Setval1","val2","Setval2","val3","Setval3","val4","Setval4","id"],"mappings":"AAAA,IAAIA,cAAJ;;AAAmBC,MAAM,CAACC,IAAP,CAAY,sCAAZ,EAAmD;AAACC,EAAAA,OAAO,EAAC,UAASC,CAAT,EAAW;AAACJ,IAAAA,cAAc,GAACI,CAAf;AAAiB;AAAtC,CAAnD,EAA2F,CAA3F;AAAnBH,MAAM,CAACI,MAAP,CAAc;AAACC,EAAAA,gBAAgB,EAAC,YAAU;AAAC,WAAOA,gBAAP;AAAwB;AAArD,CAAd;AAAsE,IAAIC,KAAJ,EAAUC,QAAV,EAAmBC,SAAnB;AAA6BR,MAAM,CAACC,IAAP,CAAY,OAAZ,EAAoB;AAAC,aAAQ,UAASE,CAAT,EAAW;AAACG,IAAAA,KAAK,GAACH,CAAN;AAAQ,GAA7B;AAA8BI,EAAAA,QAAQ,EAAC,UAASJ,CAAT,EAAW;AAACI,IAAAA,QAAQ,GAACJ,CAAT;AAAW,GAA9D;AAA+DK,EAAAA,SAAS,EAAC,UAASL,CAAT,EAAW;AAACK,IAAAA,SAAS,GAACL,CAAV;AAAY;AAAjG,CAApB,EAAuH,CAAvH;AAA0H,IAAIM,MAAJ;AAAWT,MAAM,CAACC,IAAP,CAAY,QAAZ,EAAqB;AAAC,aAAQ,UAASE,CAAT,EAAW;AAACM,IAAAA,MAAM,GAACN,CAAP;AAAS;AAA9B,CAArB,EAAqD,CAArD;;AAGjO,IAAME,gBAAgB,GAAE,gBAAuC;AAAA,MAArCK,IAAqC,QAArCA,IAAqC;AAAA,MAAhCC,gBAAgC,QAAhCA,gBAAgC;AAAA,MAAfC,UAAe,QAAfA,UAAe;;AAC9D,kBAAuBL,QAAQ,CAAC,KAAD,CAA/B;AAAA;AAAA,MAAMM,IAAN;AAAA,MAAYC,OAAZ;;AACA,mBAAuBP,QAAQ,CAAC,KAAD,CAA/B;AAAA;AAAA,MAAMQ,IAAN;AAAA,MAAYC,OAAZ;;AACA,mBAAuBT,QAAQ,CAAC,KAAD,CAA/B;AAAA;AAAA,MAAMU,IAAN;AAAA,MAAYC,OAAZ;;AACA,mBAAuBX,QAAQ,CAAC,KAAD,CAA/B;AAAA;AAAA,MAAMY,IAAN;AAAA,MAAYC,OAAZ;;AAEA,MAAMC,EAAE,GAAGZ,MAAM,EAAjB;AACAD,EAAAA,SAAS,CAAC,YAAM;AAEZ,QAAGI,UAAU,IAAI,CAAjB,EAAmB;AACfE,MAAAA,OAAO,CAAC,IAAD,CAAP;AACAE,MAAAA,OAAO,CAAC,KAAD,CAAP;AACAE,MAAAA,OAAO,CAAC,KAAD,CAAP;AACAE,MAAAA,OAAO,CAAC,KAAD,CAAP;AACH;;AACD,QAAGR,UAAU,IAAI,CAAjB,EAAmB;AACfI,MAAAA,OAAO,CAAC,IAAD,CAAP;AACAF,MAAAA,OAAO,CAAC,KAAD,CAAP;AACAI,MAAAA,OAAO,CAAC,KAAD,CAAP;AACAE,MAAAA,OAAO,CAAC,KAAD,CAAP;AACH;;AACD,QAAGR,UAAU,IAAI,CAAjB,EAAmB;AACfM,MAAAA,OAAO,CAAC,IAAD,CAAP;AACAJ,MAAAA,OAAO,CAAC,KAAD,CAAP;AACAE,MAAAA,OAAO,CAAC,KAAD,CAAP;AACAI,MAAAA,OAAO,CAAC,KAAD,CAAP;AACH;;AACD,QAAGR,UAAU,IAAI,CAAjB,EAAmB;AACfQ,MAAAA,OAAO,CAAC,IAAD,CAAP;AACAN,MAAAA,OAAO,CAAC,KAAD,CAAP;AACAE,MAAAA,OAAO,CAAC,KAAD,CAAP;AACAE,MAAAA,OAAO,CAAC,KAAD,CAAP;AACH;AACJ,GA1BQ,CAAT;AA+BJ,sBACI;AAAQ,IAAA,EAAE,EAAEG,EAAZ;AAAkB,IAAA,QAAQ,EAAE;AAAA,aAAMV,gBAAgB,CAACD,IAAD,EAAMW,EAAN,CAAtB;AAAA,KAA5B;AAA6D,IAAA,IAAI,EAAC;AAAlE,kBACE;AAAQ,IAAA,KAAK,EAAC,GAAd;AAAiB,IAAA,QAAQ,EAAER;AAA3B,8BADF,eAEE;AAAQ,IAAA,KAAK,EAAC,GAAd;AAAkB,IAAA,QAAQ,EAAEE;AAA5B,YAFF,eAGE;AAAQ,IAAA,KAAK,EAAC,GAAd;AAAiB,IAAA,QAAQ,EAAEE;AAA3B,gBAHF,eAIE;AAAQ,IAAA,KAAK,EAAC,GAAd;AAAiB,IAAA,QAAQ,EAAEE;AAA3B,aAJF,CADJ;AASH,CA/CM","sourcesContent":["import React, { useState, useEffect } from 'react';\nimport uniqid from 'uniqid'\n\nexport const PrioridadeSelect= ({task,changePrioridade,prioridade}) =>{\n        const[val1, Setval1] = useState(false)\n        const[val2, Setval2] = useState(false)\n        const[val3, Setval3] = useState(false)\n        const[val4, Setval4] = useState(false)\n     \n        const id = uniqid()\n        useEffect(() => {\n           \n            if(prioridade == 0){\n                Setval1(true)\n                Setval2(false)\n                Setval3(false)\n                Setval4(false)\n            }\n            if(prioridade == 1){\n                Setval2(true)\n                Setval1(false)\n                Setval3(false)\n                Setval4(false)\n            }\n            if(prioridade == 2){\n                Setval3(true)\n                Setval1(false)\n                Setval2(false)\n                Setval4(false)\n            }\n            if(prioridade == 3){\n                Setval4(true)\n                Setval1(false)\n                Setval2(false)\n                Setval3(false)\n            }\n        })\n            \n            \n        \n        \n    return(\n        <select id={id}   onChange={() => changePrioridade(task,id)} name=\"select\" >\n          <option value=\"0\"selected={val1}>Selecione a prioridade</option>\n          <option value=\"1\" selected={val2}>Alto</option>\n          <option value=\"2\"selected={val3}>Médio</option>\n          <option value=\"3\"selected={val4}>Baixo</option>\n        </select>\n\n    )\n}"]},"sourceType":"module","hash":"8542710a30fca2f6632f7de538b0481ea3b81ea0"}
