{"metadata":{},"options":{"assumptions":{},"compact":false,"sourceMaps":true,"ast":true,"babelrc":false,"configFile":false,"parserOpts":{"sourceType":"module","sourceFileName":"/home/matheuswm/Downloads/teste/packages/retry/retry.js","plugins":["*","flow","jsx","asyncGenerators","bigInt","classPrivateMethods","classPrivateProperties","classProperties","doExpressions","dynamicImport","exportDefaultFrom","exportExtensions","exportNamespaceFrom","functionBind","functionSent","importMeta","nullishCoalescingOperator","numericSeparator","objectRestSpread","optionalCatchBinding","optionalChaining",["pipelineOperator",{"proposal":"minimal"}],"throwExpressions","classProperties","classPrivateProperties","jsx","nullishCoalescingOperator","nullishCoalescingOperator","optionalChaining","optionalCatchBinding","optionalCatchBinding","classProperties","classPrivateProperties","classPrivateMethods","classProperties","classPrivateProperties","asyncGenerators","asyncGenerators","objectRestSpread","objectRestSpread","logicalAssignment"],"allowImportExportEverywhere":true,"allowReturnOutsideFunction":true,"allowUndeclaredExports":true,"strictMode":false},"caller":{"name":"meteor","arch":"web.cordova"},"sourceFileName":"packages/retry/retry.js","filename":"/home/matheuswm/Downloads/teste/packages/retry/retry.js","targets":{},"cloneInputAst":true,"browserslistConfigFile":false,"passPerPreset":false,"envName":"development","cwd":"/home/matheuswm/Downloads/teste","root":"/home/matheuswm/Downloads/teste","rootMode":"root","plugins":[{"key":"base$0","visitor":{"_exploded":true,"_verified":true},"options":{}},{"key":"base$0$0","visitor":{"Program":{"enter":[null],"exit":[null]},"_exploded":true,"_verified":true},"options":{"avoidModernSyntax":true,"enforceStrictMode":false,"dynamicImport":true}},{"key":"transform-runtime","visitor":{"MemberExpression":{"enter":[null]},"ObjectPattern":{"enter":[null]},"BinaryExpression":{"enter":[null]},"_exploded":{},"_verified":{},"Identifier":{"enter":[null]},"JSXIdentifier":{"enter":[null]}},"options":{"version":"7.15.3","helpers":true,"useESModules":false,"corejs":false}},{"key":"proposal-class-properties","visitor":{"PrivateName":{"enter":[null]},"ExportDefaultDeclaration":{"enter":[null]},"_exploded":true,"_verified":true,"ClassExpression":{"enter":[null]},"ClassDeclaration":{"enter":[null]}},"options":{"loose":true}},{"key":"base$0$3","visitor":{"FunctionExpression":{"exit":[null]},"_exploded":true,"_verified":true},"options":{}},{"key":"base$0$4","visitor":{"ForInStatement":{"enter":[null]},"_exploded":true,"_verified":true},"options":{}},{"key":"transform-react-jsx","visitor":{"_exploded":{},"_verified":{},"JSXNamespacedName":{"enter":[null]},"JSXSpreadChild":{"enter":[null]},"Program":{"enter":[null]},"JSXElement":{"exit":[null]},"JSXFragment":{"exit":[null]},"JSXAttribute":{"enter":[null]}},"options":{"pragma":"React.createElement","pragmaFrag":"React.Fragment","runtime":"classic","throwIfNamespace":true,"useBuiltIns":false}},{"key":"transform-react-display-name","visitor":{"ExportDefaultDeclaration":{"enter":[null]},"CallExpression":{"enter":[null]},"_exploded":true,"_verified":true},"options":{}},{"key":"transform-react-pure-annotations","visitor":{"CallExpression":{"enter":[null]},"_exploded":true,"_verified":true},"options":{}},{"key":"syntax-nullish-coalescing-operator","visitor":{"_exploded":true,"_verified":true},"options":{}},{"key":"proposal-nullish-coalescing-operator","visitor":{"_exploded":{},"_verified":{},"LogicalExpression":{"enter":[null]}},"options":{}},{"key":"syntax-optional-chaining","visitor":{"_exploded":true,"_verified":true},"options":{}},{"key":"proposal-optional-chaining","visitor":{"_exploded":true,"OptionalCallExpression":{"enter":[null]},"OptionalMemberExpression":{"enter":[null]},"_verified":true},"options":{}},{"key":"syntax-optional-catch-binding","visitor":{"_exploded":true,"_verified":true},"options":{}},{"key":"proposal-optional-catch-binding","visitor":{"_exploded":{},"_verified":{},"CatchClause":{"enter":[null]}},"options":{}},{"key":"syntax-class-properties","visitor":{"_exploded":true,"_verified":true},"options":{}},{"key":"proposal-class-properties","visitor":{"PrivateName":{"enter":[null]},"ExportDefaultDeclaration":{"enter":[null]},"_exploded":true,"_verified":true,"ClassExpression":{"enter":[null]},"ClassDeclaration":{"enter":[null]}},"options":{}},{"key":"syntax-async-generators","visitor":{"_exploded":true,"_verified":true},"options":{}},{"key":"proposal-async-generator-functions","visitor":{"_exploded":{},"_verified":{},"Program":{"enter":[null]}},"options":{}},{"key":"syntax-object-rest-spread","visitor":{"_exploded":true,"_verified":true},"options":{}},{"key":"proposal-object-rest-spread","visitor":{"_exploded":{},"_verified":{},"VariableDeclarator":{"enter":[null]},"ExportNamedDeclaration":{"enter":[null]},"CatchClause":{"enter":[null]},"AssignmentExpression":{"enter":[null]},"ArrayPattern":{"enter":[null]},"ObjectExpression":{"enter":[null]},"FunctionDeclaration":{"enter":[null]},"FunctionExpression":{"enter":[null]},"ObjectMethod":{"enter":[null]},"ArrowFunctionExpression":{"enter":[null]},"ClassMethod":{"enter":[null]},"ClassPrivateMethod":{"enter":[null]},"ForInStatement":{"enter":[null]},"ForOfStatement":{"enter":[null]}},"options":{}},{"key":"proposal-logical-assignment-operators","visitor":{"_exploded":{},"_verified":{},"AssignmentExpression":{"enter":[null]}},"options":{}},{"key":"transform-arrow-functions","visitor":{"ArrowFunctionExpression":{"enter":[null]},"_exploded":true,"_verified":true},"options":{}},{"key":"transform-block-scoped-functions","visitor":{"BlockStatement":{"enter":[null]},"SwitchCase":{"enter":[null]},"_exploded":true,"_verified":true},"options":{}},{"key":"transform-block-scoping","visitor":{"VariableDeclaration":{"enter":[null]},"CatchClause":{"enter":[null]},"_exploded":true,"BlockStatement":{"enter":[null]},"SwitchStatement":{"enter":[null]},"Program":{"enter":[null]},"_verified":true,"DoWhileStatement":{"enter":[null]},"ForInStatement":{"enter":[null]},"ForStatement":{"enter":[null]},"WhileStatement":{"enter":[null]},"ForOfStatement":{"enter":[null]}},"options":{}},{"key":"transform-classes","visitor":{"ExportDefaultDeclaration":{"enter":[null]},"ClassDeclaration":{"enter":[null]},"ClassExpression":{"enter":[null]},"_exploded":true,"_verified":true},"options":{"loose":true}},{"key":"transform-computed-properties","visitor":{"ObjectExpression":{"exit":[null]},"_exploded":true,"_verified":true},"options":{"loose":true}},{"key":"transform-destructuring","visitor":{"ExportNamedDeclaration":{"enter":[null]},"CatchClause":{"enter":[null]},"AssignmentExpression":{"enter":[null]},"VariableDeclaration":{"enter":[null]},"_exploded":true,"_verified":true,"ForInStatement":{"enter":[null]},"ForOfStatement":{"enter":[null]}},"options":{}},{"key":"transform-for-of","visitor":{"ForOfStatement":{"enter":[null]},"_exploded":true,"_verified":true},"options":{"loose":true}},{"key":"transform-literals","visitor":{"NumericLiteral":{"enter":[null]},"StringLiteral":{"enter":[null]},"_exploded":true,"_verified":true},"options":{}},{"key":"transform-object-super","visitor":{"ObjectExpression":{"enter":[null]},"_exploded":true,"_verified":true},"options":{}},{"key":"transform-parameters","visitor":{"_exploded":true,"_verified":true,"FunctionDeclaration":{"enter":[null]},"FunctionExpression":{"enter":[null]},"ObjectMethod":{"enter":[null]},"ArrowFunctionExpression":{"enter":[null]},"ClassMethod":{"enter":[null]},"ClassPrivateMethod":{"enter":[null]}},"options":{}},{"key":"transform-shorthand-properties","visitor":{"ObjectMethod":{"enter":[null]},"ObjectProperty":{"enter":[null]},"_exploded":true,"_verified":true},"options":{}},{"key":"transform-spread","visitor":{"ArrayExpression":{"enter":[null]},"CallExpression":{"enter":[null]},"NewExpression":{"enter":[null]},"_exploded":true,"_verified":true},"options":{}},{"key":"transform-sticky-regex","visitor":{"RegExpLiteral":{"enter":[null]},"_exploded":true,"_verified":true},"options":{}},{"key":"transform-template-literals","visitor":{"TaggedTemplateExpression":{"enter":[null]},"TemplateLiteral":{"enter":[null]},"_exploded":true,"_verified":true},"options":{"loose":true}},{"key":"transform-typeof-symbol","visitor":{"UnaryExpression":{"enter":[null]},"_exploded":true,"_verified":true,"BlockStatement":{"enter":[null]},"CatchClause":{"enter":[null]},"DoWhileStatement":{"enter":[null]},"ForInStatement":{"enter":[null]},"ForStatement":{"enter":[null]},"FunctionDeclaration":{"enter":[null]},"FunctionExpression":{"enter":[null]},"Program":{"enter":[null]},"ObjectMethod":{"enter":[null]},"SwitchStatement":{"enter":[null]},"WhileStatement":{"enter":[null]},"ArrowFunctionExpression":{"enter":[null]},"ClassExpression":{"enter":[null]},"ClassDeclaration":{"enter":[null]},"ForOfStatement":{"enter":[null]},"ClassMethod":{"enter":[null]},"ClassPrivateMethod":{"enter":[null]},"StaticBlock":{"enter":[null]},"TSModuleBlock":{"enter":[null]},"AssignmentPattern":{"enter":[null]},"ArrayPattern":{"enter":[null]},"ObjectPattern":{"enter":[null]}},"options":{}},{"key":"transform-unicode-regex","visitor":{"RegExpLiteral":{"enter":[null]},"_exploded":true,"_verified":true},"options":{}},{"key":"transform-property-literals","visitor":{"ObjectProperty":{"exit":[null]},"_exploded":true,"_verified":true},"options":{}},{"key":"transform-exponentiation-operator","visitor":{"AssignmentExpression":{"enter":[null]},"BinaryExpression":{"enter":[null]},"_exploded":true,"_verified":true},"options":{}},{"key":"regenerator-transform","visitor":{"_exploded":true,"_verified":true,"ObjectMethod":{"enter":[null],"exit":[null]},"ClassMethod":{"enter":[null],"exit":[null]},"ClassPrivateMethod":{"enter":[null],"exit":[null]},"FunctionDeclaration":{"exit":[null]},"FunctionExpression":{"exit":[null]},"ArrowFunctionExpression":{"exit":[null]}},"options":{}}],"presets":[],"generatorOpts":{"filename":"/home/matheuswm/Downloads/teste/packages/retry/retry.js","comments":true,"compact":false,"sourceMaps":true,"sourceFileName":"packages/retry/retry.js"}},"code":"module.export({\n  Retry: function () {\n    return Retry;\n  }\n});\n\nvar Retry = /*#__PURE__*/function () {\n  function Retry() {\n    var _ref = arguments.length > 0 && arguments[0] !== undefined ? arguments[0] : {},\n        _ref$baseTimeout = _ref.baseTimeout,\n        baseTimeout = _ref$baseTimeout === void 0 ? 1000 : _ref$baseTimeout,\n        _ref$exponent = _ref.exponent,\n        exponent = _ref$exponent === void 0 ? 2.2 : _ref$exponent,\n        _ref$maxTimeout = _ref.maxTimeout,\n        maxTimeout = _ref$maxTimeout === void 0 ? 5 * 60 * 1000 : _ref$maxTimeout,\n        _ref$minTimeout = _ref.minTimeout,\n        minTimeout = _ref$minTimeout === void 0 ? 10 : _ref$minTimeout,\n        _ref$minCount = _ref.minCount,\n        minCount = _ref$minCount === void 0 ? 2 : _ref$minCount,\n        _ref$fuzz = _ref.fuzz,\n        fuzz = _ref$fuzz === void 0 ? 0.5 : _ref$fuzz;\n\n    this.baseTimeout = baseTimeout;\n    this.exponent = exponent;\n    this.maxTimeout = maxTimeout;\n    this.minTimeout = minTimeout;\n    this.minCount = minCount;\n    this.fuzz = fuzz;\n    this.retryTimer = null;\n  } // Reset a pending retry, if any.\n\n\n  var _proto = Retry.prototype;\n\n  _proto.clear = function () {\n    function clear() {\n      if (this.retryTimer) {\n        clearTimeout(this.retryTimer);\n      }\n\n      this.retryTimer = null;\n    }\n\n    return clear;\n  }() // Calculate how long to wait in milliseconds to retry, based on the\n  // `count` of which retry this is.\n  ;\n\n  _proto._timeout = function () {\n    function _timeout(count) {\n      if (count < this.minCount) {\n        return this.minTimeout;\n      } // fuzz the timeout randomly, to avoid reconnect storms when a\n      // server goes down.\n\n\n      var timeout = Math.min(this.maxTimeout, this.baseTimeout * Math.pow(this.exponent, count)) * (Random.fraction() * this.fuzz + (1 - this.fuzz / 2));\n      return timeout;\n    }\n\n    return _timeout;\n  }() // Call `fn` after a delay, based on the `count` of which retry this is.\n  ;\n\n  _proto.retryLater = function () {\n    function retryLater(count, fn) {\n      var timeout = this._timeout(count);\n\n      if (this.retryTimer) clearTimeout(this.retryTimer);\n      this.retryTimer = Meteor.setTimeout(fn, timeout);\n      return timeout;\n    }\n\n    return retryLater;\n  }();\n\n  return Retry;\n}();","map":{"version":3,"sources":["packages/retry/retry.js"],"names":["module","export","Retry","baseTimeout","exponent","maxTimeout","minTimeout","minCount","fuzz","retryTimer","clear","clearTimeout","_timeout","count","timeout","Math","min","pow","Random","fraction","retryLater","fn","Meteor","setTimeout"],"mappings":"AAAAA,MAAM,CAACC,MAAP,CAAc;AAACC,EAAAA,KAAK,EAAC,YAAU;AAAC,WAAOA,KAAP;AAAa;AAA/B,CAAd;;IAUaA,K;AACX,mBASQ;AAAA,mFAAJ,EAAI;AAAA,gCARNC,WAQM;AAAA,QARNA,WAQM,iCARQ,IAQR;AAAA,6BAPNC,QAOM;AAAA,QAPNA,QAOM,8BAPK,GAOL;AAAA,+BAJNC,UAIM;AAAA,QAJNA,UAIM,gCAJO,IAAI,EAAJ,GAAS,IAIhB;AAAA,+BAHNC,UAGM;AAAA,QAHNA,UAGM,gCAHO,EAGP;AAAA,6BAFNC,QAEM;AAAA,QAFNA,QAEM,8BAFK,CAEL;AAAA,yBADNC,IACM;AAAA,QADNA,IACM,0BADC,GACD;;AACN,SAAKL,WAAL,GAAmBA,WAAnB;AACA,SAAKC,QAAL,GAAgBA,QAAhB;AACA,SAAKC,UAAL,GAAkBA,UAAlB;AACA,SAAKC,UAAL,GAAkBA,UAAlB;AACA,SAAKC,QAAL,GAAgBA,QAAhB;AACA,SAAKC,IAAL,GAAYA,IAAZ;AACA,SAAKC,UAAL,GAAkB,IAAlB;AACD,G,CAED;;;;;SACAC,K;AAAA,qBAAQ;AACN,UAAI,KAAKD,UAAT,EAAqB;AACnBE,QAAAA,YAAY,CAAC,KAAKF,UAAN,CAAZ;AACD;;AACD,WAAKA,UAAL,GAAkB,IAAlB;AACD;;;MAED;AACA;;;SACAG,Q;AAAA,sBAASC,KAAT,EAAgB;AACd,UAAIA,KAAK,GAAG,KAAKN,QAAjB,EAA2B;AACzB,eAAO,KAAKD,UAAZ;AACD,OAHa,CAKd;AACA;;;AACA,UAAIQ,OAAO,GAAGC,IAAI,CAACC,GAAL,CACZ,KAAKX,UADO,EAEZ,KAAKF,WAAL,GAAmBY,IAAI,CAACE,GAAL,CAAS,KAAKb,QAAd,EAAwBS,KAAxB,CAFP,KAIZK,MAAM,CAACC,QAAP,KAAoB,KAAKX,IAAzB,IAAiC,IAAI,KAAKA,IAAL,GAAY,CAAjD,CAJY,CAAd;AAOA,aAAOM,OAAP;AACD;;;MAED;;;SACAM,U;AAAA,wBAAWP,KAAX,EAAkBQ,EAAlB,EAAsB;AACpB,UAAIP,OAAO,GAAG,KAAKF,QAAL,CAAcC,KAAd,CAAd;;AACA,UAAI,KAAKJ,UAAT,EACEE,YAAY,CAAC,KAAKF,UAAN,CAAZ;AACF,WAAKA,UAAL,GAAkBa,MAAM,CAACC,UAAP,CAAkBF,EAAlB,EAAsBP,OAAtB,CAAlB;AACA,aAAOA,OAAP;AACD","sourcesContent":["// Retry logic with an exponential backoff.\n//\n// options:\n//  baseTimeout: time for initial reconnect attempt (ms).\n//  exponent: exponential factor to increase timeout each attempt.\n//  maxTimeout: maximum time between retries (ms).\n//  minCount: how many times to reconnect \"instantly\".\n//  minTimeout: time to wait for the first `minCount` retries (ms).\n//  fuzz: factor to randomize retry times by (to avoid retry storms).\n\nexport class Retry {\n  constructor({\n    baseTimeout = 1000,\n    exponent = 2.2,\n    // The default is high-ish to ensure a server can recover from a\n    // failure caused by load.\n    maxTimeout = 5 * 60 * 1000,\n    minTimeout = 10,\n    minCount = 2,\n    fuzz = 0.5,\n  } = {}) {\n    this.baseTimeout = baseTimeout;\n    this.exponent = exponent;\n    this.maxTimeout = maxTimeout;\n    this.minTimeout = minTimeout;\n    this.minCount = minCount;\n    this.fuzz = fuzz;\n    this.retryTimer = null;\n  }\n\n  // Reset a pending retry, if any.\n  clear() {\n    if (this.retryTimer) {\n      clearTimeout(this.retryTimer);\n    }\n    this.retryTimer = null;\n  }\n\n  // Calculate how long to wait in milliseconds to retry, based on the\n  // `count` of which retry this is.\n  _timeout(count) {\n    if (count < this.minCount) {\n      return this.minTimeout;\n    }\n\n    // fuzz the timeout randomly, to avoid reconnect storms when a\n    // server goes down.\n    var timeout = Math.min(\n      this.maxTimeout,\n      this.baseTimeout * Math.pow(this.exponent, count)\n    ) * (\n      Random.fraction() * this.fuzz + (1 - this.fuzz / 2)\n    );\n\n    return timeout;\n  }\n\n  // Call `fn` after a delay, based on the `count` of which retry this is.\n  retryLater(count, fn) {\n    var timeout = this._timeout(count);\n    if (this.retryTimer)\n      clearTimeout(this.retryTimer);\n    this.retryTimer = Meteor.setTimeout(fn, timeout);\n    return timeout;\n  }\n}\n"]},"sourceType":"module","hash":"9035a42947bfe88814850cbf91d43b53521561c9"}
