{"metadata":{},"options":{"assumptions":{},"compact":false,"sourceMaps":true,"ast":true,"babelrc":false,"configFile":false,"parserOpts":{"sourceType":"module","sourceFileName":"/home/matheuswm/Downloads/teste/packages/ddp-common/heartbeat.js","plugins":["*","flow","jsx","asyncGenerators","bigInt","classPrivateMethods","classPrivateProperties","classProperties","doExpressions","dynamicImport","exportDefaultFrom","exportExtensions","exportNamespaceFrom","functionBind","functionSent","importMeta","nullishCoalescingOperator","numericSeparator","objectRestSpread","optionalCatchBinding","optionalChaining",["pipelineOperator",{"proposal":"minimal"}],"throwExpressions","classProperties","classPrivateProperties","jsx","nullishCoalescingOperator","nullishCoalescingOperator","optionalChaining","optionalCatchBinding","optionalCatchBinding","classProperties","classPrivateProperties","classPrivateMethods","classProperties","classPrivateProperties","asyncGenerators","asyncGenerators","objectRestSpread","objectRestSpread","logicalAssignment"],"allowImportExportEverywhere":true,"allowReturnOutsideFunction":true,"allowUndeclaredExports":true,"strictMode":false},"caller":{"name":"meteor","arch":"web.cordova"},"sourceFileName":"packages/ddp-common/heartbeat.js","filename":"/home/matheuswm/Downloads/teste/packages/ddp-common/heartbeat.js","targets":{},"cloneInputAst":true,"browserslistConfigFile":false,"passPerPreset":false,"envName":"development","cwd":"/home/matheuswm/Downloads/teste","root":"/home/matheuswm/Downloads/teste","rootMode":"root","plugins":[{"key":"base$0","visitor":{"_exploded":true,"_verified":true},"options":{}},{"key":"base$0$0","visitor":{"Program":{"enter":[null],"exit":[null]},"_exploded":true,"_verified":true},"options":{"avoidModernSyntax":true,"enforceStrictMode":false,"dynamicImport":true}},{"key":"transform-runtime","visitor":{"MemberExpression":{"enter":[null]},"ObjectPattern":{"enter":[null]},"BinaryExpression":{"enter":[null]},"_exploded":{},"_verified":{},"Identifier":{"enter":[null]},"JSXIdentifier":{"enter":[null]}},"options":{"version":"7.15.3","helpers":true,"useESModules":false,"corejs":false}},{"key":"proposal-class-properties","visitor":{"PrivateName":{"enter":[null]},"ExportDefaultDeclaration":{"enter":[null]},"_exploded":true,"_verified":true,"ClassExpression":{"enter":[null]},"ClassDeclaration":{"enter":[null]}},"options":{"loose":true}},{"key":"base$0$3","visitor":{"FunctionExpression":{"exit":[null]},"_exploded":true,"_verified":true},"options":{}},{"key":"base$0$4","visitor":{"ForInStatement":{"enter":[null]},"_exploded":true,"_verified":true},"options":{}},{"key":"transform-react-jsx","visitor":{"_exploded":{},"_verified":{},"JSXNamespacedName":{"enter":[null]},"JSXSpreadChild":{"enter":[null]},"Program":{"enter":[null]},"JSXElement":{"exit":[null]},"JSXFragment":{"exit":[null]},"JSXAttribute":{"enter":[null]}},"options":{"pragma":"React.createElement","pragmaFrag":"React.Fragment","runtime":"classic","throwIfNamespace":true,"useBuiltIns":false}},{"key":"transform-react-display-name","visitor":{"ExportDefaultDeclaration":{"enter":[null]},"CallExpression":{"enter":[null]},"_exploded":true,"_verified":true},"options":{}},{"key":"transform-react-pure-annotations","visitor":{"CallExpression":{"enter":[null]},"_exploded":true,"_verified":true},"options":{}},{"key":"syntax-nullish-coalescing-operator","visitor":{"_exploded":true,"_verified":true},"options":{}},{"key":"proposal-nullish-coalescing-operator","visitor":{"_exploded":{},"_verified":{},"LogicalExpression":{"enter":[null]}},"options":{}},{"key":"syntax-optional-chaining","visitor":{"_exploded":true,"_verified":true},"options":{}},{"key":"proposal-optional-chaining","visitor":{"_exploded":true,"OptionalCallExpression":{"enter":[null]},"OptionalMemberExpression":{"enter":[null]},"_verified":true},"options":{}},{"key":"syntax-optional-catch-binding","visitor":{"_exploded":true,"_verified":true},"options":{}},{"key":"proposal-optional-catch-binding","visitor":{"_exploded":{},"_verified":{},"CatchClause":{"enter":[null]}},"options":{}},{"key":"syntax-class-properties","visitor":{"_exploded":true,"_verified":true},"options":{}},{"key":"proposal-class-properties","visitor":{"PrivateName":{"enter":[null]},"ExportDefaultDeclaration":{"enter":[null]},"_exploded":true,"_verified":true,"ClassExpression":{"enter":[null]},"ClassDeclaration":{"enter":[null]}},"options":{}},{"key":"syntax-async-generators","visitor":{"_exploded":true,"_verified":true},"options":{}},{"key":"proposal-async-generator-functions","visitor":{"_exploded":{},"_verified":{},"Program":{"enter":[null]}},"options":{}},{"key":"syntax-object-rest-spread","visitor":{"_exploded":true,"_verified":true},"options":{}},{"key":"proposal-object-rest-spread","visitor":{"_exploded":{},"_verified":{},"VariableDeclarator":{"enter":[null]},"ExportNamedDeclaration":{"enter":[null]},"CatchClause":{"enter":[null]},"AssignmentExpression":{"enter":[null]},"ArrayPattern":{"enter":[null]},"ObjectExpression":{"enter":[null]},"FunctionDeclaration":{"enter":[null]},"FunctionExpression":{"enter":[null]},"ObjectMethod":{"enter":[null]},"ArrowFunctionExpression":{"enter":[null]},"ClassMethod":{"enter":[null]},"ClassPrivateMethod":{"enter":[null]},"ForInStatement":{"enter":[null]},"ForOfStatement":{"enter":[null]}},"options":{}},{"key":"proposal-logical-assignment-operators","visitor":{"_exploded":{},"_verified":{},"AssignmentExpression":{"enter":[null]}},"options":{}},{"key":"transform-arrow-functions","visitor":{"ArrowFunctionExpression":{"enter":[null]},"_exploded":true,"_verified":true},"options":{}},{"key":"transform-block-scoped-functions","visitor":{"BlockStatement":{"enter":[null]},"SwitchCase":{"enter":[null]},"_exploded":true,"_verified":true},"options":{}},{"key":"transform-block-scoping","visitor":{"VariableDeclaration":{"enter":[null]},"CatchClause":{"enter":[null]},"_exploded":true,"BlockStatement":{"enter":[null]},"SwitchStatement":{"enter":[null]},"Program":{"enter":[null]},"_verified":true,"DoWhileStatement":{"enter":[null]},"ForInStatement":{"enter":[null]},"ForStatement":{"enter":[null]},"WhileStatement":{"enter":[null]},"ForOfStatement":{"enter":[null]}},"options":{}},{"key":"transform-classes","visitor":{"ExportDefaultDeclaration":{"enter":[null]},"ClassDeclaration":{"enter":[null]},"ClassExpression":{"enter":[null]},"_exploded":true,"_verified":true},"options":{"loose":true}},{"key":"transform-computed-properties","visitor":{"ObjectExpression":{"exit":[null]},"_exploded":true,"_verified":true},"options":{"loose":true}},{"key":"transform-destructuring","visitor":{"ExportNamedDeclaration":{"enter":[null]},"CatchClause":{"enter":[null]},"AssignmentExpression":{"enter":[null]},"VariableDeclaration":{"enter":[null]},"_exploded":true,"_verified":true,"ForInStatement":{"enter":[null]},"ForOfStatement":{"enter":[null]}},"options":{}},{"key":"transform-for-of","visitor":{"ForOfStatement":{"enter":[null]},"_exploded":true,"_verified":true},"options":{"loose":true}},{"key":"transform-literals","visitor":{"NumericLiteral":{"enter":[null]},"StringLiteral":{"enter":[null]},"_exploded":true,"_verified":true},"options":{}},{"key":"transform-object-super","visitor":{"ObjectExpression":{"enter":[null]},"_exploded":true,"_verified":true},"options":{}},{"key":"transform-parameters","visitor":{"_exploded":true,"_verified":true,"FunctionDeclaration":{"enter":[null]},"FunctionExpression":{"enter":[null]},"ObjectMethod":{"enter":[null]},"ArrowFunctionExpression":{"enter":[null]},"ClassMethod":{"enter":[null]},"ClassPrivateMethod":{"enter":[null]}},"options":{}},{"key":"transform-shorthand-properties","visitor":{"ObjectMethod":{"enter":[null]},"ObjectProperty":{"enter":[null]},"_exploded":true,"_verified":true},"options":{}},{"key":"transform-spread","visitor":{"ArrayExpression":{"enter":[null]},"CallExpression":{"enter":[null]},"NewExpression":{"enter":[null]},"_exploded":true,"_verified":true},"options":{}},{"key":"transform-sticky-regex","visitor":{"RegExpLiteral":{"enter":[null]},"_exploded":true,"_verified":true},"options":{}},{"key":"transform-template-literals","visitor":{"TaggedTemplateExpression":{"enter":[null]},"TemplateLiteral":{"enter":[null]},"_exploded":true,"_verified":true},"options":{"loose":true}},{"key":"transform-typeof-symbol","visitor":{"UnaryExpression":{"enter":[null]},"_exploded":true,"_verified":true,"BlockStatement":{"enter":[null]},"CatchClause":{"enter":[null]},"DoWhileStatement":{"enter":[null]},"ForInStatement":{"enter":[null]},"ForStatement":{"enter":[null]},"FunctionDeclaration":{"enter":[null]},"FunctionExpression":{"enter":[null]},"Program":{"enter":[null]},"ObjectMethod":{"enter":[null]},"SwitchStatement":{"enter":[null]},"WhileStatement":{"enter":[null]},"ArrowFunctionExpression":{"enter":[null]},"ClassExpression":{"enter":[null]},"ClassDeclaration":{"enter":[null]},"ForOfStatement":{"enter":[null]},"ClassMethod":{"enter":[null]},"ClassPrivateMethod":{"enter":[null]},"StaticBlock":{"enter":[null]},"TSModuleBlock":{"enter":[null]},"AssignmentPattern":{"enter":[null]},"ArrayPattern":{"enter":[null]},"ObjectPattern":{"enter":[null]}},"options":{}},{"key":"transform-unicode-regex","visitor":{"RegExpLiteral":{"enter":[null]},"_exploded":true,"_verified":true},"options":{}},{"key":"transform-property-literals","visitor":{"ObjectProperty":{"exit":[null]},"_exploded":true,"_verified":true},"options":{}},{"key":"transform-exponentiation-operator","visitor":{"AssignmentExpression":{"enter":[null]},"BinaryExpression":{"enter":[null]},"_exploded":true,"_verified":true},"options":{}},{"key":"regenerator-transform","visitor":{"_exploded":true,"_verified":true,"ObjectMethod":{"enter":[null],"exit":[null]},"ClassMethod":{"enter":[null],"exit":[null]},"ClassPrivateMethod":{"enter":[null],"exit":[null]},"FunctionDeclaration":{"exit":[null]},"FunctionExpression":{"exit":[null]},"ArrowFunctionExpression":{"exit":[null]}},"options":{}}],"presets":[],"generatorOpts":{"filename":"/home/matheuswm/Downloads/teste/packages/ddp-common/heartbeat.js","comments":true,"compact":false,"sourceMaps":true,"sourceFileName":"packages/ddp-common/heartbeat.js"}},"code":"// Heartbeat options:\n//   heartbeatInterval: interval to send pings, in milliseconds.\n//   heartbeatTimeout: timeout to close the connection if a reply isn't\n//     received, in milliseconds.\n//   sendPing: function to call to send a ping on the connection.\n//   onTimeout: function to call to close the connection.\nDDPCommon.Heartbeat = /*#__PURE__*/function () {\n  function Heartbeat(options) {\n    this.heartbeatInterval = options.heartbeatInterval;\n    this.heartbeatTimeout = options.heartbeatTimeout;\n    this._sendPing = options.sendPing;\n    this._onTimeout = options.onTimeout;\n    this._seenPacket = false;\n    this._heartbeatIntervalHandle = null;\n    this._heartbeatTimeoutHandle = null;\n  }\n\n  var _proto = Heartbeat.prototype;\n\n  _proto.stop = function () {\n    function stop() {\n      this._clearHeartbeatIntervalTimer();\n\n      this._clearHeartbeatTimeoutTimer();\n    }\n\n    return stop;\n  }();\n\n  _proto.start = function () {\n    function start() {\n      this.stop();\n\n      this._startHeartbeatIntervalTimer();\n    }\n\n    return start;\n  }();\n\n  _proto._startHeartbeatIntervalTimer = function () {\n    function _startHeartbeatIntervalTimer() {\n      var _this = this;\n\n      this._heartbeatIntervalHandle = Meteor.setInterval(function () {\n        return _this._heartbeatIntervalFired();\n      }, this.heartbeatInterval);\n    }\n\n    return _startHeartbeatIntervalTimer;\n  }();\n\n  _proto._startHeartbeatTimeoutTimer = function () {\n    function _startHeartbeatTimeoutTimer() {\n      var _this2 = this;\n\n      this._heartbeatTimeoutHandle = Meteor.setTimeout(function () {\n        return _this2._heartbeatTimeoutFired();\n      }, this.heartbeatTimeout);\n    }\n\n    return _startHeartbeatTimeoutTimer;\n  }();\n\n  _proto._clearHeartbeatIntervalTimer = function () {\n    function _clearHeartbeatIntervalTimer() {\n      if (this._heartbeatIntervalHandle) {\n        Meteor.clearInterval(this._heartbeatIntervalHandle);\n        this._heartbeatIntervalHandle = null;\n      }\n    }\n\n    return _clearHeartbeatIntervalTimer;\n  }();\n\n  _proto._clearHeartbeatTimeoutTimer = function () {\n    function _clearHeartbeatTimeoutTimer() {\n      if (this._heartbeatTimeoutHandle) {\n        Meteor.clearTimeout(this._heartbeatTimeoutHandle);\n        this._heartbeatTimeoutHandle = null;\n      }\n    }\n\n    return _clearHeartbeatTimeoutTimer;\n  }() // The heartbeat interval timer is fired when we should send a ping.\n  ;\n\n  _proto._heartbeatIntervalFired = function () {\n    function _heartbeatIntervalFired() {\n      // don't send ping if we've seen a packet since we last checked,\n      // *or* if we have already sent a ping and are awaiting a timeout.\n      // That shouldn't happen, but it's possible if\n      // `this.heartbeatInterval` is smaller than\n      // `this.heartbeatTimeout`.\n      if (!this._seenPacket && !this._heartbeatTimeoutHandle) {\n        this._sendPing(); // Set up timeout, in case a pong doesn't arrive in time.\n\n\n        this._startHeartbeatTimeoutTimer();\n      }\n\n      this._seenPacket = false;\n    }\n\n    return _heartbeatIntervalFired;\n  }() // The heartbeat timeout timer is fired when we sent a ping, but we\n  // timed out waiting for the pong.\n  ;\n\n  _proto._heartbeatTimeoutFired = function () {\n    function _heartbeatTimeoutFired() {\n      this._heartbeatTimeoutHandle = null;\n\n      this._onTimeout();\n    }\n\n    return _heartbeatTimeoutFired;\n  }();\n\n  _proto.messageReceived = function () {\n    function messageReceived() {\n      // Tell periodic checkin that we have seen a packet, and thus it\n      // does not need to send a ping this cycle.\n      this._seenPacket = true; // If we were waiting for a pong, we got it.\n\n      if (this._heartbeatTimeoutHandle) {\n        this._clearHeartbeatTimeoutTimer();\n      }\n    }\n\n    return messageReceived;\n  }();\n\n  return Heartbeat;\n}();","map":{"version":3,"sources":["packages/ddp-common/heartbeat.js"],"names":["DDPCommon","Heartbeat","options","heartbeatInterval","heartbeatTimeout","_sendPing","sendPing","_onTimeout","onTimeout","_seenPacket","_heartbeatIntervalHandle","_heartbeatTimeoutHandle","stop","_clearHeartbeatIntervalTimer","_clearHeartbeatTimeoutTimer","start","_startHeartbeatIntervalTimer","Meteor","setInterval","_heartbeatIntervalFired","_startHeartbeatTimeoutTimer","setTimeout","_heartbeatTimeoutFired","clearInterval","clearTimeout","messageReceived"],"mappings":"AAAA;AACA;AACA;AACA;AACA;AACA;AAEAA,SAAS,CAACC,SAAV;AACE,qBAAYC,OAAZ,EAAqB;AACnB,SAAKC,iBAAL,GAAyBD,OAAO,CAACC,iBAAjC;AACA,SAAKC,gBAAL,GAAwBF,OAAO,CAACE,gBAAhC;AACA,SAAKC,SAAL,GAAiBH,OAAO,CAACI,QAAzB;AACA,SAAKC,UAAL,GAAkBL,OAAO,CAACM,SAA1B;AACA,SAAKC,WAAL,GAAmB,KAAnB;AAEA,SAAKC,wBAAL,GAAgC,IAAhC;AACA,SAAKC,uBAAL,GAA+B,IAA/B;AACD;;AAVH;;AAAA,SAYEC,IAZF;AAYE,oBAAO;AACL,WAAKC,4BAAL;;AACA,WAAKC,2BAAL;AACD;;AAfH;AAAA;;AAAA,SAiBEC,KAjBF;AAiBE,qBAAQ;AACN,WAAKH,IAAL;;AACA,WAAKI,4BAAL;AACD;;AApBH;AAAA;;AAAA,SAsBEA,4BAtBF;AAsBE,4CAA+B;AAAA;;AAC7B,WAAKN,wBAAL,GAAgCO,MAAM,CAACC,WAAP,CAC9B;AAAA,eAAM,KAAI,CAACC,uBAAL,EAAN;AAAA,OAD8B,EAE9B,KAAKhB,iBAFyB,CAAhC;AAID;;AA3BH;AAAA;;AAAA,SA6BEiB,2BA7BF;AA6BE,2CAA8B;AAAA;;AAC5B,WAAKT,uBAAL,GAA+BM,MAAM,CAACI,UAAP,CAC7B;AAAA,eAAM,MAAI,CAACC,sBAAL,EAAN;AAAA,OAD6B,EAE7B,KAAKlB,gBAFwB,CAA/B;AAID;;AAlCH;AAAA;;AAAA,SAoCES,4BApCF;AAoCE,4CAA+B;AAC7B,UAAI,KAAKH,wBAAT,EAAmC;AACjCO,QAAAA,MAAM,CAACM,aAAP,CAAqB,KAAKb,wBAA1B;AACA,aAAKA,wBAAL,GAAgC,IAAhC;AACD;AACF;;AAzCH;AAAA;;AAAA,SA2CEI,2BA3CF;AA2CE,2CAA8B;AAC5B,UAAI,KAAKH,uBAAT,EAAkC;AAChCM,QAAAA,MAAM,CAACO,YAAP,CAAoB,KAAKb,uBAAzB;AACA,aAAKA,uBAAL,GAA+B,IAA/B;AACD;AACF;;AAhDH;AAAA,MAkDE;AAlDF;;AAAA,SAmDEQ,uBAnDF;AAmDE,uCAA0B;AACxB;AACA;AACA;AACA;AACA;AACA,UAAI,CAAE,KAAKV,WAAP,IAAsB,CAAE,KAAKE,uBAAjC,EAA0D;AACxD,aAAKN,SAAL,GADwD,CAExD;;;AACA,aAAKe,2BAAL;AACD;;AACD,WAAKX,WAAL,GAAmB,KAAnB;AACD;;AA/DH;AAAA,MAiEE;AACA;AAlEF;;AAAA,SAmEEa,sBAnEF;AAmEE,sCAAyB;AACvB,WAAKX,uBAAL,GAA+B,IAA/B;;AACA,WAAKJ,UAAL;AACD;;AAtEH;AAAA;;AAAA,SAwEEkB,eAxEF;AAwEE,+BAAkB;AAChB;AACA;AACA,WAAKhB,WAAL,GAAmB,IAAnB,CAHgB,CAIhB;;AACA,UAAI,KAAKE,uBAAT,EAAkC;AAChC,aAAKG,2BAAL;AACD;AACF;;AAhFH;AAAA;;AAAA;AAAA","sourcesContent":["// Heartbeat options:\n//   heartbeatInterval: interval to send pings, in milliseconds.\n//   heartbeatTimeout: timeout to close the connection if a reply isn't\n//     received, in milliseconds.\n//   sendPing: function to call to send a ping on the connection.\n//   onTimeout: function to call to close the connection.\n\nDDPCommon.Heartbeat = class Heartbeat {\n  constructor(options) {\n    this.heartbeatInterval = options.heartbeatInterval;\n    this.heartbeatTimeout = options.heartbeatTimeout;\n    this._sendPing = options.sendPing;\n    this._onTimeout = options.onTimeout;\n    this._seenPacket = false;\n\n    this._heartbeatIntervalHandle = null;\n    this._heartbeatTimeoutHandle = null;\n  }\n\n  stop() {\n    this._clearHeartbeatIntervalTimer();\n    this._clearHeartbeatTimeoutTimer();\n  }\n\n  start() {\n    this.stop();\n    this._startHeartbeatIntervalTimer();\n  }\n\n  _startHeartbeatIntervalTimer() {\n    this._heartbeatIntervalHandle = Meteor.setInterval(\n      () => this._heartbeatIntervalFired(),\n      this.heartbeatInterval\n    );\n  }\n\n  _startHeartbeatTimeoutTimer() {\n    this._heartbeatTimeoutHandle = Meteor.setTimeout(\n      () => this._heartbeatTimeoutFired(),\n      this.heartbeatTimeout\n    );\n  }\n\n  _clearHeartbeatIntervalTimer() {\n    if (this._heartbeatIntervalHandle) {\n      Meteor.clearInterval(this._heartbeatIntervalHandle);\n      this._heartbeatIntervalHandle = null;\n    }\n  }\n\n  _clearHeartbeatTimeoutTimer() {\n    if (this._heartbeatTimeoutHandle) {\n      Meteor.clearTimeout(this._heartbeatTimeoutHandle);\n      this._heartbeatTimeoutHandle = null;\n    }\n  }\n\n  // The heartbeat interval timer is fired when we should send a ping.\n  _heartbeatIntervalFired() {\n    // don't send ping if we've seen a packet since we last checked,\n    // *or* if we have already sent a ping and are awaiting a timeout.\n    // That shouldn't happen, but it's possible if\n    // `this.heartbeatInterval` is smaller than\n    // `this.heartbeatTimeout`.\n    if (! this._seenPacket && ! this._heartbeatTimeoutHandle) {\n      this._sendPing();\n      // Set up timeout, in case a pong doesn't arrive in time.\n      this._startHeartbeatTimeoutTimer();\n    }\n    this._seenPacket = false;\n  }\n\n  // The heartbeat timeout timer is fired when we sent a ping, but we\n  // timed out waiting for the pong.\n  _heartbeatTimeoutFired() {\n    this._heartbeatTimeoutHandle = null;\n    this._onTimeout();\n  }\n\n  messageReceived() {\n    // Tell periodic checkin that we have seen a packet, and thus it\n    // does not need to send a ping this cycle.\n    this._seenPacket = true;\n    // If we were waiting for a pong, we got it.\n    if (this._heartbeatTimeoutHandle) {\n      this._clearHeartbeatTimeoutTimer();\n    }\n  }\n};\n"]},"sourceType":"module","hash":"914d5db308919a67b20f855fc643888a7998a4a5"}
