{"metadata":{},"options":{"assumptions":{},"compact":false,"sourceMaps":true,"ast":true,"babelrc":false,"configFile":false,"parserOpts":{"sourceType":"module","sourceFileName":"/home/matheuswm/Downloads/teste/imports/ui/styles/styleLista.js","plugins":["*","flow","jsx","asyncGenerators","bigInt","classPrivateMethods","classPrivateProperties","classProperties","doExpressions","dynamicImport","exportDefaultFrom","exportExtensions","exportNamespaceFrom","functionBind","functionSent","importMeta","nullishCoalescingOperator","numericSeparator","objectRestSpread","optionalCatchBinding","optionalChaining",["pipelineOperator",{"proposal":"minimal"}],"throwExpressions","classProperties","classPrivateProperties","jsx","nullishCoalescingOperator","nullishCoalescingOperator","optionalChaining","optionalCatchBinding","optionalCatchBinding","classProperties","classPrivateProperties","classPrivateMethods","classProperties","classPrivateProperties","asyncGenerators","asyncGenerators","objectRestSpread","objectRestSpread","logicalAssignment"],"allowImportExportEverywhere":true,"allowReturnOutsideFunction":true,"allowUndeclaredExports":true,"strictMode":false},"caller":{"name":"meteor","arch":"web.cordova"},"sourceFileName":"imports/ui/styles/styleLista.js","filename":"/home/matheuswm/Downloads/teste/imports/ui/styles/styleLista.js","targets":{},"cloneInputAst":true,"browserslistConfigFile":false,"passPerPreset":false,"envName":"development","cwd":"/home/matheuswm/Downloads/teste","root":"/home/matheuswm/Downloads/teste","rootMode":"root","plugins":[{"key":"base$0","visitor":{"_exploded":true,"_verified":true},"options":{}},{"key":"base$0$0","visitor":{"Program":{"enter":[null],"exit":[null]},"_exploded":true,"_verified":true},"options":{"avoidModernSyntax":true,"enforceStrictMode":false,"dynamicImport":true}},{"key":"transform-runtime","visitor":{"MemberExpression":{"enter":[null]},"ObjectPattern":{"enter":[null]},"BinaryExpression":{"enter":[null]},"_exploded":{},"_verified":{},"Identifier":{"enter":[null]},"JSXIdentifier":{"enter":[null]}},"options":{"version":"7.15.3","helpers":true,"useESModules":false,"corejs":false}},{"key":"proposal-class-properties","visitor":{"PrivateName":{"enter":[null]},"ExportDefaultDeclaration":{"enter":[null]},"_exploded":true,"_verified":true,"ClassExpression":{"enter":[null]},"ClassDeclaration":{"enter":[null]}},"options":{"loose":true}},{"key":"base$0$3","visitor":{"FunctionExpression":{"exit":[null]},"_exploded":true,"_verified":true},"options":{}},{"key":"base$0$4","visitor":{"ForInStatement":{"enter":[null]},"_exploded":true,"_verified":true},"options":{}},{"key":"transform-react-jsx","visitor":{"_exploded":{},"_verified":{},"JSXNamespacedName":{"enter":[null]},"JSXSpreadChild":{"enter":[null]},"Program":{"enter":[null]},"JSXElement":{"exit":[null]},"JSXFragment":{"exit":[null]},"JSXAttribute":{"enter":[null]}},"options":{"pragma":"React.createElement","pragmaFrag":"React.Fragment","runtime":"classic","throwIfNamespace":true,"useBuiltIns":false}},{"key":"transform-react-display-name","visitor":{"ExportDefaultDeclaration":{"enter":[null]},"CallExpression":{"enter":[null]},"_exploded":true,"_verified":true},"options":{}},{"key":"transform-react-pure-annotations","visitor":{"CallExpression":{"enter":[null]},"_exploded":true,"_verified":true},"options":{}},{"key":"syntax-nullish-coalescing-operator","visitor":{"_exploded":true,"_verified":true},"options":{}},{"key":"proposal-nullish-coalescing-operator","visitor":{"_exploded":{},"_verified":{},"LogicalExpression":{"enter":[null]}},"options":{}},{"key":"syntax-optional-chaining","visitor":{"_exploded":true,"_verified":true},"options":{}},{"key":"proposal-optional-chaining","visitor":{"_exploded":true,"OptionalCallExpression":{"enter":[null]},"OptionalMemberExpression":{"enter":[null]},"_verified":true},"options":{}},{"key":"syntax-optional-catch-binding","visitor":{"_exploded":true,"_verified":true},"options":{}},{"key":"proposal-optional-catch-binding","visitor":{"_exploded":{},"_verified":{},"CatchClause":{"enter":[null]}},"options":{}},{"key":"syntax-class-properties","visitor":{"_exploded":true,"_verified":true},"options":{}},{"key":"proposal-class-properties","visitor":{"PrivateName":{"enter":[null]},"ExportDefaultDeclaration":{"enter":[null]},"_exploded":true,"_verified":true,"ClassExpression":{"enter":[null]},"ClassDeclaration":{"enter":[null]}},"options":{}},{"key":"syntax-async-generators","visitor":{"_exploded":true,"_verified":true},"options":{}},{"key":"proposal-async-generator-functions","visitor":{"_exploded":{},"_verified":{},"Program":{"enter":[null]}},"options":{}},{"key":"syntax-object-rest-spread","visitor":{"_exploded":true,"_verified":true},"options":{}},{"key":"proposal-object-rest-spread","visitor":{"_exploded":{},"_verified":{},"VariableDeclarator":{"enter":[null]},"ExportNamedDeclaration":{"enter":[null]},"CatchClause":{"enter":[null]},"AssignmentExpression":{"enter":[null]},"ArrayPattern":{"enter":[null]},"ObjectExpression":{"enter":[null]},"FunctionDeclaration":{"enter":[null]},"FunctionExpression":{"enter":[null]},"ObjectMethod":{"enter":[null]},"ArrowFunctionExpression":{"enter":[null]},"ClassMethod":{"enter":[null]},"ClassPrivateMethod":{"enter":[null]},"ForInStatement":{"enter":[null]},"ForOfStatement":{"enter":[null]}},"options":{}},{"key":"proposal-logical-assignment-operators","visitor":{"_exploded":{},"_verified":{},"AssignmentExpression":{"enter":[null]}},"options":{}},{"key":"transform-arrow-functions","visitor":{"ArrowFunctionExpression":{"enter":[null]},"_exploded":true,"_verified":true},"options":{}},{"key":"transform-block-scoped-functions","visitor":{"BlockStatement":{"enter":[null]},"SwitchCase":{"enter":[null]},"_exploded":true,"_verified":true},"options":{}},{"key":"transform-block-scoping","visitor":{"VariableDeclaration":{"enter":[null]},"CatchClause":{"enter":[null]},"_exploded":true,"BlockStatement":{"enter":[null]},"SwitchStatement":{"enter":[null]},"Program":{"enter":[null]},"_verified":true,"DoWhileStatement":{"enter":[null]},"ForInStatement":{"enter":[null]},"ForStatement":{"enter":[null]},"WhileStatement":{"enter":[null]},"ForOfStatement":{"enter":[null]}},"options":{}},{"key":"transform-classes","visitor":{"ExportDefaultDeclaration":{"enter":[null]},"ClassDeclaration":{"enter":[null]},"ClassExpression":{"enter":[null]},"_exploded":true,"_verified":true},"options":{"loose":true}},{"key":"transform-computed-properties","visitor":{"ObjectExpression":{"exit":[null]},"_exploded":true,"_verified":true},"options":{"loose":true}},{"key":"transform-destructuring","visitor":{"ExportNamedDeclaration":{"enter":[null]},"CatchClause":{"enter":[null]},"AssignmentExpression":{"enter":[null]},"VariableDeclaration":{"enter":[null]},"_exploded":true,"_verified":true,"ForInStatement":{"enter":[null]},"ForOfStatement":{"enter":[null]}},"options":{}},{"key":"transform-for-of","visitor":{"ForOfStatement":{"enter":[null]},"_exploded":true,"_verified":true},"options":{"loose":true}},{"key":"transform-literals","visitor":{"NumericLiteral":{"enter":[null]},"StringLiteral":{"enter":[null]},"_exploded":true,"_verified":true},"options":{}},{"key":"transform-object-super","visitor":{"ObjectExpression":{"enter":[null]},"_exploded":true,"_verified":true},"options":{}},{"key":"transform-parameters","visitor":{"_exploded":true,"_verified":true,"FunctionDeclaration":{"enter":[null]},"FunctionExpression":{"enter":[null]},"ObjectMethod":{"enter":[null]},"ArrowFunctionExpression":{"enter":[null]},"ClassMethod":{"enter":[null]},"ClassPrivateMethod":{"enter":[null]}},"options":{}},{"key":"transform-shorthand-properties","visitor":{"ObjectMethod":{"enter":[null]},"ObjectProperty":{"enter":[null]},"_exploded":true,"_verified":true},"options":{}},{"key":"transform-spread","visitor":{"ArrayExpression":{"enter":[null]},"CallExpression":{"enter":[null]},"NewExpression":{"enter":[null]},"_exploded":true,"_verified":true},"options":{}},{"key":"transform-sticky-regex","visitor":{"RegExpLiteral":{"enter":[null]},"_exploded":true,"_verified":true},"options":{}},{"key":"transform-template-literals","visitor":{"TaggedTemplateExpression":{"enter":[null]},"TemplateLiteral":{"enter":[null]},"_exploded":true,"_verified":true},"options":{"loose":true}},{"key":"transform-typeof-symbol","visitor":{"UnaryExpression":{"enter":[null]},"_exploded":true,"_verified":true,"BlockStatement":{"enter":[null]},"CatchClause":{"enter":[null]},"DoWhileStatement":{"enter":[null]},"ForInStatement":{"enter":[null]},"ForStatement":{"enter":[null]},"FunctionDeclaration":{"enter":[null]},"FunctionExpression":{"enter":[null]},"Program":{"enter":[null]},"ObjectMethod":{"enter":[null]},"SwitchStatement":{"enter":[null]},"WhileStatement":{"enter":[null]},"ArrowFunctionExpression":{"enter":[null]},"ClassExpression":{"enter":[null]},"ClassDeclaration":{"enter":[null]},"ForOfStatement":{"enter":[null]},"ClassMethod":{"enter":[null]},"ClassPrivateMethod":{"enter":[null]},"StaticBlock":{"enter":[null]},"TSModuleBlock":{"enter":[null]},"AssignmentPattern":{"enter":[null]},"ArrayPattern":{"enter":[null]},"ObjectPattern":{"enter":[null]}},"options":{}},{"key":"transform-unicode-regex","visitor":{"RegExpLiteral":{"enter":[null]},"_exploded":true,"_verified":true},"options":{}},{"key":"transform-property-literals","visitor":{"ObjectProperty":{"exit":[null]},"_exploded":true,"_verified":true},"options":{}},{"key":"transform-exponentiation-operator","visitor":{"AssignmentExpression":{"enter":[null]},"BinaryExpression":{"enter":[null]},"_exploded":true,"_verified":true},"options":{}},{"key":"regenerator-transform","visitor":{"_exploded":true,"_verified":true,"ObjectMethod":{"enter":[null],"exit":[null]},"ClassMethod":{"enter":[null],"exit":[null]},"ClassPrivateMethod":{"enter":[null],"exit":[null]},"FunctionDeclaration":{"exit":[null]},"FunctionExpression":{"exit":[null]},"ArrowFunctionExpression":{"exit":[null]}},"options":{}}],"presets":[],"generatorOpts":{"filename":"/home/matheuswm/Downloads/teste/imports/ui/styles/styleLista.js","comments":true,"compact":false,"sourceMaps":true,"sourceFileName":"imports/ui/styles/styleLista.js"}},"code":"var _templateObject, _templateObject2, _templateObject3;\n\nvar _taggedTemplateLiteralLoose;\n\nmodule.link(\"@babel/runtime/helpers/taggedTemplateLiteralLoose\", {\n  default: function (v) {\n    _taggedTemplateLiteralLoose = v;\n  }\n}, 0);\nmodule.export({\n  Cabecario: function () {\n    return Cabecario;\n  },\n  Adicionar: function () {\n    return Adicionar;\n  },\n  TarefaStyle: function () {\n    return TarefaStyle;\n  }\n});\nvar styled;\nmodule.link(\"styled-components\", {\n  \"default\": function (v) {\n    styled = v;\n  }\n}, 0);\nvar Cabecario = styled.div(_templateObject || (_templateObject = _taggedTemplateLiteralLoose([\" \\nbackground-color: #a1fff2;\\nheight: 10%;\\ndisplay: flex;\\nalign-items: center;\\nfont-size: 1vw;\\nfont-weight: 400;\\nspan{\\n    margin-left: 5%;\\n}\\nbutton{\\n \\n    margin-left: 3%;\\n    font-size: 1vw;\\n    width: 15%;\\n    height: 75%;\\n    background-color: transparent;\\n    border: 0;\\n}\\nbutton:hover{\\n    background-color: white;\\n}\\n\\n@media only screen and (max-device-width: 800px) {\\n    font-size: 10px;\\n    button{font-size:10px}\\n}\\n@media only screen and (max-device-width: 650px) {\\n    font-size: 10px;\\n    button{font-size:8px}\\n}\\n\"])));\nvar Adicionar = styled.div(_templateObject2 || (_templateObject2 = _taggedTemplateLiteralLoose([\"\\nheight: 10%;\\ndisplay: flex;\\nalign-items: center;\\nwidth: 100%;\\nform{\\n    width: 100%;\\n}\\ninput{\\n        padding: 0.5%;\\n        border-color: #00ffcc;\\n        border-radius: 10px;\\n        width: 40%;\\n        margin-left: 6%;\\n        font-size: 1vw;\\n        font-weight: 400 ;\\n}\\nbutton{\\n    padding: 1%;\\n    margin-left: 3%;\\n    border-color: #00ffcc;\\n    border-radius: 10px;\\n    font-size: 1vw;\\n}\\nbutton:hover{\\n    background-color: #a1fff2 ;\\n}\\n\\n@media only screen and (max-device-width: 800px) {\\n    \\n    button{font-size:10px}\\n    input{font-size:10px}\\n}\\n@media only screen and (max-device-width: 650px) {\\n  \\n    button{font-size:8px}\\n    input{font-size:8px}\\n}\\n\\n\"])));\nvar TarefaStyle = styled.div(_templateObject3 || (_templateObject3 = _taggedTemplateLiteralLoose([\"\\n\\nwidth: 100%;\\nheight: 80%;\\n\\n\\ntable{height:50%;width:  100%;word-break: break-word; margin-top:20px}\\n.muda{\\n\\ndisplay: flex;\\nalign-items: center;\\njustify-content: center ;\\nword-break: break-word\\n\\n}\\n.muda button{\\n    padding: 0.8%;\\n    margin: 0.5%;\\n    font-size: 1vw;\\n    border-color: #af54ff;\\n    border-radius: 20%;\\n    background-color: #befff6;\\n\\n}\\nbutton:hover{\\n\\nbackground-color: #d6fff9;\\n}\\nform{\\n    display: flex;\\n    align-items: center;\\n    text-align: center  ;\\n}\\n\\n\\ntd{text-align: center;  \\nwidth: 15%;\\n}\\n\\n.tabela button{\\npadding: 4%;\\nborder-color: blue;\\nborder-radius: 10%;\\nbackground-color: red;\\ncolor: white;\\nfont-size: 1vw;\\n}\\n\\n.tabela button:hover{\\n    background-color: #ff3d57;\\n}\\nselect{\\n    padding: 3%; \\n    border-radius: 1000px;\\n    border:0px; background-color:#befff6;\\n    font-size:1vw;\\n}\\nth{font-size:1.4vw;width:15%}\\ntd{font-size:1vw}\\n\\n\\ninput{width:10%}\\n@media only screen and (max-device-width: 800px) {\\n    \\n    th{font-size:15px;width:15%}\\n    td{font-size:10px}\\n    table{font-size:10px}\\n    .tabela button{font-size:1px}\\n    select{font-size:10px}\\n    .muda button{font-size:10px}\\n    input{width:10px}\\n}\\n@media only screen and (max-device-width: 650px) {\\n    \\n    th{font-size:10px;width:15%}\\n    td{font-size:8px}\\n    table{font-size:8px}\\n    .tabela button{font-size:8px}\\n    select{font-size:8px}\\n    .muda button{font-size:8px}\\n    input{width:7px}\\n}\\n\\n\"])));","map":{"version":3,"sources":["imports/ui/styles/styleLista.js"],"names":["_taggedTemplateLiteralLoose","module","link","default","v","export","Cabecario","Adicionar","TarefaStyle","styled","div"],"mappings":";;AAAA,IAAIA,2BAAJ;;AAAgCC,MAAM,CAACC,IAAP,CAAY,mDAAZ,EAAgE;AAACC,EAAAA,OAAO,EAAC,UAASC,CAAT,EAAW;AAACJ,IAAAA,2BAA2B,GAACI,CAA5B;AAA8B;AAAnD,CAAhE,EAAqH,CAArH;AAAhCH,MAAM,CAACI,MAAP,CAAc;AAACC,EAAAA,SAAS,EAAC,YAAU;AAAC,WAAOA,SAAP;AAAiB,GAAvC;AAAwCC,EAAAA,SAAS,EAAC,YAAU;AAAC,WAAOA,SAAP;AAAiB,GAA9E;AAA+EC,EAAAA,WAAW,EAAC,YAAU;AAAC,WAAOA,WAAP;AAAmB;AAAzH,CAAd;AAA0I,IAAIC,MAAJ;AAAWR,MAAM,CAACC,IAAP,CAAY,mBAAZ,EAAgC;AAAC,aAAQ,UAASE,CAAT,EAAW;AAACK,IAAAA,MAAM,GAACL,CAAP;AAAS;AAA9B,CAAhC,EAAgE,CAAhE;AAC9I,IAAME,SAAS,GAAIG,MAAM,CAACC,GAAX,qnBAAf;AAiCA,IAAMH,SAAS,GAAGE,MAAM,CAACC,GAAV,2wBAAf;AAwCA,IAAMF,WAAW,GAAGC,MAAM,CAACC,GAAV,2gDAAjB","sourcesContent":["import styled from \"styled-components\";\nexport const Cabecario =  styled.div` \nbackground-color: #a1fff2;\nheight: 10%;\ndisplay: flex;\nalign-items: center;\nfont-size: 1vw;\nfont-weight: 400;\nspan{\n    margin-left: 5%;\n}\nbutton{\n \n    margin-left: 3%;\n    font-size: 1vw;\n    width: 15%;\n    height: 75%;\n    background-color: transparent;\n    border: 0;\n}\nbutton:hover{\n    background-color: white;\n}\n\n@media only screen and (max-device-width: 800px) {\n    font-size: 10px;\n    button{font-size:10px}\n}\n@media only screen and (max-device-width: 650px) {\n    font-size: 10px;\n    button{font-size:8px}\n}\n`\n\nexport const Adicionar = styled.div `\nheight: 10%;\ndisplay: flex;\nalign-items: center;\nwidth: 100%;\nform{\n    width: 100%;\n}\ninput{\n        padding: 0.5%;\n        border-color: #00ffcc;\n        border-radius: 10px;\n        width: 40%;\n        margin-left: 6%;\n        font-size: 1vw;\n        font-weight: 400 ;\n}\nbutton{\n    padding: 1%;\n    margin-left: 3%;\n    border-color: #00ffcc;\n    border-radius: 10px;\n    font-size: 1vw;\n}\nbutton:hover{\n    background-color: #a1fff2 ;\n}\n\n@media only screen and (max-device-width: 800px) {\n    \n    button{font-size:10px}\n    input{font-size:10px}\n}\n@media only screen and (max-device-width: 650px) {\n  \n    button{font-size:8px}\n    input{font-size:8px}\n}\n\n`\nexport const TarefaStyle = styled.div `\n\nwidth: 100%;\nheight: 80%;\n\n\ntable{height:50%;width:  100%;word-break: break-word; margin-top:20px}\n.muda{\n\ndisplay: flex;\nalign-items: center;\njustify-content: center ;\nword-break: break-word\n\n}\n.muda button{\n    padding: 0.8%;\n    margin: 0.5%;\n    font-size: 1vw;\n    border-color: #af54ff;\n    border-radius: 20%;\n    background-color: #befff6;\n\n}\nbutton:hover{\n\nbackground-color: #d6fff9;\n}\nform{\n    display: flex;\n    align-items: center;\n    text-align: center  ;\n}\n\n\ntd{text-align: center;  \nwidth: 15%;\n}\n\n.tabela button{\npadding: 4%;\nborder-color: blue;\nborder-radius: 10%;\nbackground-color: red;\ncolor: white;\nfont-size: 1vw;\n}\n\n.tabela button:hover{\n    background-color: #ff3d57;\n}\nselect{\n    padding: 3%; \n    border-radius: 1000px;\n    border:0px; background-color:#befff6;\n    font-size:1vw;\n}\nth{font-size:1.4vw;width:15%}\ntd{font-size:1vw}\n\n\ninput{width:10%}\n@media only screen and (max-device-width: 800px) {\n    \n    th{font-size:15px;width:15%}\n    td{font-size:10px}\n    table{font-size:10px}\n    .tabela button{font-size:1px}\n    select{font-size:10px}\n    .muda button{font-size:10px}\n    input{width:10px}\n}\n@media only screen and (max-device-width: 650px) {\n    \n    th{font-size:10px;width:15%}\n    td{font-size:8px}\n    table{font-size:8px}\n    .tabela button{font-size:8px}\n    select{font-size:8px}\n    .muda button{font-size:8px}\n    input{width:7px}\n}\n\n`"]},"sourceType":"module","hash":"9c4b52182720e1be9e89bffc34dcc5ce25cd9a3c"}
