{"metadata":{},"options":{"assumptions":{},"compact":false,"sourceMaps":true,"ast":true,"babelrc":false,"configFile":false,"parserOpts":{"sourceType":"module","sourceFileName":"/home/matheuswm/Downloads/teste/imports/ui/manda.jsx","plugins":["*","flow","jsx","asyncGenerators","bigInt","classPrivateMethods","classPrivateProperties","classProperties","doExpressions","dynamicImport","exportDefaultFrom","exportExtensions","exportNamespaceFrom","functionBind","functionSent","importMeta","nullishCoalescingOperator","numericSeparator","objectRestSpread","optionalCatchBinding","optionalChaining",["pipelineOperator",{"proposal":"minimal"}],"throwExpressions","objectRestSpread","objectRestSpread","asyncGenerators","classProperties","classPrivateProperties","jsx","nullishCoalescingOperator","nullishCoalescingOperator","optionalChaining","optionalCatchBinding","optionalCatchBinding","classProperties","classPrivateProperties","classPrivateMethods","classProperties","classPrivateProperties","asyncGenerators","asyncGenerators","objectRestSpread","objectRestSpread","logicalAssignment"],"allowImportExportEverywhere":true,"allowReturnOutsideFunction":true,"allowUndeclaredExports":true,"strictMode":false},"caller":{"name":"meteor","arch":"os.linux.x86_64"},"sourceFileName":"imports/ui/manda.jsx","filename":"/home/matheuswm/Downloads/teste/imports/ui/manda.jsx","targets":{},"cloneInputAst":true,"browserslistConfigFile":false,"passPerPreset":false,"envName":"development","cwd":"/home/matheuswm/Downloads/teste","root":"/home/matheuswm/Downloads/teste","rootMode":"root","plugins":[{"key":"base$0","visitor":{"_exploded":true,"_verified":true},"options":{}},{"key":"base$0$0","visitor":{"Program":{"enter":[null],"exit":[null]},"_exploded":true,"_verified":true},"options":{"avoidModernSyntax":false,"enforceStrictMode":false,"dynamicImport":true,"generateLetDeclarations":true}},{"key":"transform-runtime","visitor":{"MemberExpression":{"enter":[null]},"ObjectPattern":{"enter":[null]},"BinaryExpression":{"enter":[null]},"_exploded":{},"_verified":{},"Identifier":{"enter":[null]},"JSXIdentifier":{"enter":[null]}},"options":{"version":"7.15.3","helpers":true,"useESModules":false,"corejs":false}},{"key":"syntax-object-rest-spread","visitor":{"_exploded":true,"_verified":true},"options":{}},{"key":"proposal-object-rest-spread","visitor":{"_exploded":{},"_verified":{},"VariableDeclarator":{"enter":[null]},"ExportNamedDeclaration":{"enter":[null]},"CatchClause":{"enter":[null]},"AssignmentExpression":{"enter":[null]},"ArrayPattern":{"enter":[null]},"ObjectExpression":{"enter":[null]},"FunctionDeclaration":{"enter":[null]},"FunctionExpression":{"enter":[null]},"ObjectMethod":{"enter":[null]},"ArrowFunctionExpression":{"enter":[null]},"ClassMethod":{"enter":[null]},"ClassPrivateMethod":{"enter":[null]},"ForInStatement":{"enter":[null]},"ForOfStatement":{"enter":[null]}},"options":{}},{"key":"transform-meteor-async-await","visitor":{"AwaitExpression":{"enter":[null]},"_exploded":true,"_verified":true,"FunctionDeclaration":{"exit":[null]},"FunctionExpression":{"exit":[null]},"ObjectMethod":{"exit":[null]},"ArrowFunctionExpression":{"exit":[null]},"ClassMethod":{"exit":[null]},"ClassPrivateMethod":{"exit":[null]}},"options":{"useNativeAsyncAwait":false}},{"key":"proposal-async-generator-functions","visitor":{"_exploded":{},"_verified":{},"Program":{"enter":[null]}},"options":{}},{"key":"proposal-class-properties","visitor":{"PrivateName":{"enter":[null]},"ExportDefaultDeclaration":{"enter":[null]},"_exploded":true,"_verified":true,"ClassExpression":{"enter":[null]},"ClassDeclaration":{"enter":[null]}},"options":{"loose":true}},{"key":"transform-react-jsx","visitor":{"_exploded":{},"_verified":{},"JSXNamespacedName":{"enter":[null]},"JSXSpreadChild":{"enter":[null]},"Program":{"enter":[null]},"JSXElement":{"exit":[null]},"JSXFragment":{"exit":[null]},"JSXAttribute":{"enter":[null]}},"options":{"pragma":"React.createElement","pragmaFrag":"React.Fragment","runtime":"classic","throwIfNamespace":true,"useBuiltIns":false}},{"key":"transform-react-display-name","visitor":{"ExportDefaultDeclaration":{"enter":[null]},"CallExpression":{"enter":[null]},"_exploded":true,"_verified":true},"options":{}},{"key":"transform-react-pure-annotations","visitor":{"CallExpression":{"enter":[null]},"_exploded":true,"_verified":true},"options":{}},{"key":"syntax-nullish-coalescing-operator","visitor":{"_exploded":true,"_verified":true},"options":{}},{"key":"proposal-nullish-coalescing-operator","visitor":{"_exploded":{},"_verified":{},"LogicalExpression":{"enter":[null]}},"options":{}},{"key":"syntax-optional-chaining","visitor":{"_exploded":true,"_verified":true},"options":{}},{"key":"proposal-optional-chaining","visitor":{"_exploded":true,"OptionalCallExpression":{"enter":[null]},"OptionalMemberExpression":{"enter":[null]},"_verified":true},"options":{}},{"key":"syntax-optional-catch-binding","visitor":{"_exploded":true,"_verified":true},"options":{}},{"key":"proposal-optional-catch-binding","visitor":{"_exploded":{},"_verified":{},"CatchClause":{"enter":[null]}},"options":{}},{"key":"syntax-class-properties","visitor":{"_exploded":true,"_verified":true},"options":{}},{"key":"proposal-class-properties","visitor":{"PrivateName":{"enter":[null]},"ExportDefaultDeclaration":{"enter":[null]},"_exploded":true,"_verified":true,"ClassExpression":{"enter":[null]},"ClassDeclaration":{"enter":[null]}},"options":{}},{"key":"syntax-async-generators","visitor":{"_exploded":true,"_verified":true},"options":{}},{"key":"proposal-async-generator-functions","visitor":{"_exploded":{},"_verified":{},"Program":{"enter":[null]}},"options":{}},{"key":"syntax-object-rest-spread","visitor":{"_exploded":true,"_verified":true},"options":{}},{"key":"proposal-object-rest-spread","visitor":{"_exploded":{},"_verified":{},"VariableDeclarator":{"enter":[null]},"ExportNamedDeclaration":{"enter":[null]},"CatchClause":{"enter":[null]},"AssignmentExpression":{"enter":[null]},"ArrayPattern":{"enter":[null]},"ObjectExpression":{"enter":[null]},"FunctionDeclaration":{"enter":[null]},"FunctionExpression":{"enter":[null]},"ObjectMethod":{"enter":[null]},"ArrowFunctionExpression":{"enter":[null]},"ClassMethod":{"enter":[null]},"ClassPrivateMethod":{"enter":[null]},"ForInStatement":{"enter":[null]},"ForOfStatement":{"enter":[null]}},"options":{}},{"key":"proposal-logical-assignment-operators","visitor":{"_exploded":{},"_verified":{},"AssignmentExpression":{"enter":[null]}},"options":{}},{"key":"transform-literals","visitor":{"NumericLiteral":{"enter":[null]},"StringLiteral":{"enter":[null]},"_exploded":true,"_verified":true},"options":{}},{"key":"transform-template-literals","visitor":{"TaggedTemplateExpression":{"enter":[null]},"TemplateLiteral":{"enter":[null]},"_exploded":true,"_verified":true},"options":{}},{"key":"transform-parameters","visitor":{"_exploded":true,"_verified":true,"FunctionDeclaration":{"enter":[null]},"FunctionExpression":{"enter":[null]},"ObjectMethod":{"enter":[null]},"ArrowFunctionExpression":{"enter":[null]},"ClassMethod":{"enter":[null]},"ClassPrivateMethod":{"enter":[null]}},"options":{}},{"key":"transform-exponentiation-operator","visitor":{"AssignmentExpression":{"enter":[null]},"BinaryExpression":{"enter":[null]},"_exploded":true,"_verified":true},"options":{}}],"presets":[],"generatorOpts":{"filename":"/home/matheuswm/Downloads/teste/imports/ui/manda.jsx","comments":true,"compact":false,"sourceMaps":true,"sourceFileName":"imports/ui/manda.jsx"}},"code":"module.export({\n  Manda: () => Manda\n});\nlet React, useState;\nmodule.link(\"react\", {\n  default(v) {\n    React = v;\n  },\n\n  useState(v) {\n    useState = v;\n  }\n\n}, 0);\nlet Meteor;\nmodule.link(\"meteor/meteor\", {\n  Meteor(v) {\n    Meteor = v;\n  }\n\n}, 1);\nlet Adicionar;\nmodule.link(\"./styles/styleLista.js\", {\n  Adicionar(v) {\n    Adicionar = v;\n  }\n\n}, 2);\n\nconst Manda = () => {\n  const [texto, setTexto] = useState(\"\");\n\n  const handleSubmit = e => {\n    e.preventDefault();\n    if (texto == null || texto == \"\") return;\n    Meteor.call('tarefa.adiciona', texto);\n    setTexto(\"\");\n  };\n\n  return /*#__PURE__*/React.createElement(React.Fragment, null, /*#__PURE__*/React.createElement(Adicionar, null, /*#__PURE__*/React.createElement(\"form\", {\n    onSubmit: handleSubmit\n  }, /*#__PURE__*/React.createElement(\"input\", {\n    type: \"text\",\n    value: texto,\n    onChange: e => setTexto(e.target.value)\n  }), /*#__PURE__*/React.createElement(\"button\", {\n    type: \"submit\"\n  }, \"Adicionar\"))));\n};","map":{"version":3,"sources":["imports/ui/manda.jsx"],"names":["module","export","Manda","React","useState","link","default","v","Meteor","Adicionar","texto","setTexto","handleSubmit","e","preventDefault","call","target","value"],"mappings":"AAAAA,MAAM,CAACC,MAAP,CAAc;AAACC,EAAAA,KAAK,EAAC,MAAIA;AAAX,CAAd;AAAiC,IAAIC,KAAJ,EAAUC,QAAV;AAAmBJ,MAAM,CAACK,IAAP,CAAY,OAAZ,EAAoB;AAACC,EAAAA,OAAO,CAACC,CAAD,EAAG;AAACJ,IAAAA,KAAK,GAACI,CAAN;AAAQ,GAApB;;AAAqBH,EAAAA,QAAQ,CAACG,CAAD,EAAG;AAACH,IAAAA,QAAQ,GAACG,CAAT;AAAW;;AAA5C,CAApB,EAAkE,CAAlE;AAAqE,IAAIC,MAAJ;AAAWR,MAAM,CAACK,IAAP,CAAY,eAAZ,EAA4B;AAACG,EAAAA,MAAM,CAACD,CAAD,EAAG;AAACC,IAAAA,MAAM,GAACD,CAAP;AAAS;;AAApB,CAA5B,EAAkD,CAAlD;AAAqD,IAAIE,SAAJ;AAAcT,MAAM,CAACK,IAAP,CAAY,wBAAZ,EAAqC;AAACI,EAAAA,SAAS,CAACF,CAAD,EAAG;AAACE,IAAAA,SAAS,GAACF,CAAV;AAAY;;AAA1B,CAArC,EAAiE,CAAjE;;AAQhM,MAAML,KAAK,GAAG,MAAK;AACtB,QAAM,CAACQ,KAAD,EAAQC,QAAR,IAAoBP,QAAQ,CAAC,EAAD,CAAlC;;AAGI,QAAMQ,YAAY,GAAGC,CAAC,IAAI;AACtBA,IAAAA,CAAC,CAACC,cAAF;AAEA,QAAIJ,KAAK,IAAI,IAAT,IAAiBA,KAAK,IAAG,EAA7B,EAAiC;AAEjCF,IAAAA,MAAM,CAACO,IAAP,CAAY,iBAAZ,EAA+BL,KAA/B;AAGAC,IAAAA,QAAQ,CAAC,EAAD,CAAR;AACD,GATH;;AAUJ,sBACI,uDACA,oBAAC,SAAD,qBACA;AAAM,IAAA,QAAQ,EAAEC;AAAhB,kBACA;AAAO,IAAA,IAAI,EAAC,MAAZ;AAAmB,IAAA,KAAK,EAAEF,KAA1B;AAAiC,IAAA,QAAQ,EAAGG,CAAD,IAAOF,QAAQ,CAACE,CAAC,CAACG,MAAF,CAASC,KAAV;AAA1D,IADA,eAEA;AAAQ,IAAA,IAAI,EAAC;AAAb,iBAFA,CADA,CADA,CADJ;AAUH,CAxBM","sourcesContent":["import React, { useState } from 'react'\nimport { Meteor } from 'meteor/meteor';\nimport { Adicionar} from './styles/styleLista.js';\n\n\n\n\n\nexport const Manda = () =>{\n    const [texto, setTexto] = useState(\"\");\n\n    \n        const handleSubmit = e => {\n            e.preventDefault();\n        \n            if (texto == null || texto ==\"\") return;\n            \n            Meteor.call('tarefa.adiciona', texto);\n            \n        \n            setTexto(\"\");\n          };\n    return(\n        <>\n        <Adicionar> \n        <form onSubmit={handleSubmit}>\n        <input type=\"text\" value={texto} onChange={(e) => setTexto(e.target.value)}/>        \n        <button type=\"submit\" >Adicionar</button>\n        </form>\n        </Adicionar> \n        </>\n    )\n}"]},"sourceType":"module","hash":"9f78764320d473730b93dd5139b612053fce5aaa"}
