{"metadata":{},"options":{"assumptions":{},"compact":false,"sourceMaps":true,"ast":true,"babelrc":false,"configFile":false,"parserOpts":{"sourceType":"module","sourceFileName":"/home/matheuswm/Downloads/teste/packages/id-map/id-map.js","plugins":["*","flow","jsx","asyncGenerators","bigInt","classPrivateMethods","classPrivateProperties","classProperties","doExpressions","dynamicImport","exportDefaultFrom","exportExtensions","exportNamespaceFrom","functionBind","functionSent","importMeta","nullishCoalescingOperator","numericSeparator","objectRestSpread","optionalCatchBinding","optionalChaining",["pipelineOperator",{"proposal":"minimal"}],"throwExpressions","classProperties","classPrivateProperties","jsx","nullishCoalescingOperator","nullishCoalescingOperator","optionalChaining","optionalCatchBinding","optionalCatchBinding","classProperties","classPrivateProperties","classPrivateMethods","classProperties","classPrivateProperties","asyncGenerators","asyncGenerators","objectRestSpread","objectRestSpread","logicalAssignment"],"allowImportExportEverywhere":true,"allowReturnOutsideFunction":true,"allowUndeclaredExports":true,"strictMode":false},"caller":{"name":"meteor","arch":"web.cordova"},"sourceFileName":"packages/id-map/id-map.js","filename":"/home/matheuswm/Downloads/teste/packages/id-map/id-map.js","targets":{},"cloneInputAst":true,"browserslistConfigFile":false,"passPerPreset":false,"envName":"development","cwd":"/home/matheuswm/Downloads/teste","root":"/home/matheuswm/Downloads/teste","rootMode":"root","plugins":[{"key":"base$0","visitor":{"_exploded":true,"_verified":true},"options":{}},{"key":"base$0$0","visitor":{"Program":{"enter":[null],"exit":[null]},"_exploded":true,"_verified":true},"options":{"avoidModernSyntax":true,"enforceStrictMode":false,"dynamicImport":true}},{"key":"transform-runtime","visitor":{"MemberExpression":{"enter":[null]},"ObjectPattern":{"enter":[null]},"BinaryExpression":{"enter":[null]},"_exploded":{},"_verified":{},"Identifier":{"enter":[null]},"JSXIdentifier":{"enter":[null]}},"options":{"version":"7.15.3","helpers":true,"useESModules":false,"corejs":false}},{"key":"proposal-class-properties","visitor":{"PrivateName":{"enter":[null]},"ExportDefaultDeclaration":{"enter":[null]},"_exploded":true,"_verified":true,"ClassExpression":{"enter":[null]},"ClassDeclaration":{"enter":[null]}},"options":{"loose":true}},{"key":"base$0$3","visitor":{"FunctionExpression":{"exit":[null]},"_exploded":true,"_verified":true},"options":{}},{"key":"base$0$4","visitor":{"ForInStatement":{"enter":[null]},"_exploded":true,"_verified":true},"options":{}},{"key":"transform-react-jsx","visitor":{"_exploded":{},"_verified":{},"JSXNamespacedName":{"enter":[null]},"JSXSpreadChild":{"enter":[null]},"Program":{"enter":[null]},"JSXElement":{"exit":[null]},"JSXFragment":{"exit":[null]},"JSXAttribute":{"enter":[null]}},"options":{"pragma":"React.createElement","pragmaFrag":"React.Fragment","runtime":"classic","throwIfNamespace":true,"useBuiltIns":false}},{"key":"transform-react-display-name","visitor":{"ExportDefaultDeclaration":{"enter":[null]},"CallExpression":{"enter":[null]},"_exploded":true,"_verified":true},"options":{}},{"key":"transform-react-pure-annotations","visitor":{"CallExpression":{"enter":[null]},"_exploded":true,"_verified":true},"options":{}},{"key":"syntax-nullish-coalescing-operator","visitor":{"_exploded":true,"_verified":true},"options":{}},{"key":"proposal-nullish-coalescing-operator","visitor":{"_exploded":{},"_verified":{},"LogicalExpression":{"enter":[null]}},"options":{}},{"key":"syntax-optional-chaining","visitor":{"_exploded":true,"_verified":true},"options":{}},{"key":"proposal-optional-chaining","visitor":{"_exploded":true,"OptionalCallExpression":{"enter":[null]},"OptionalMemberExpression":{"enter":[null]},"_verified":true},"options":{}},{"key":"syntax-optional-catch-binding","visitor":{"_exploded":true,"_verified":true},"options":{}},{"key":"proposal-optional-catch-binding","visitor":{"_exploded":{},"_verified":{},"CatchClause":{"enter":[null]}},"options":{}},{"key":"syntax-class-properties","visitor":{"_exploded":true,"_verified":true},"options":{}},{"key":"proposal-class-properties","visitor":{"PrivateName":{"enter":[null]},"ExportDefaultDeclaration":{"enter":[null]},"_exploded":true,"_verified":true,"ClassExpression":{"enter":[null]},"ClassDeclaration":{"enter":[null]}},"options":{}},{"key":"syntax-async-generators","visitor":{"_exploded":true,"_verified":true},"options":{}},{"key":"proposal-async-generator-functions","visitor":{"_exploded":{},"_verified":{},"Program":{"enter":[null]}},"options":{}},{"key":"syntax-object-rest-spread","visitor":{"_exploded":true,"_verified":true},"options":{}},{"key":"proposal-object-rest-spread","visitor":{"_exploded":{},"_verified":{},"VariableDeclarator":{"enter":[null]},"ExportNamedDeclaration":{"enter":[null]},"CatchClause":{"enter":[null]},"AssignmentExpression":{"enter":[null]},"ArrayPattern":{"enter":[null]},"ObjectExpression":{"enter":[null]},"FunctionDeclaration":{"enter":[null]},"FunctionExpression":{"enter":[null]},"ObjectMethod":{"enter":[null]},"ArrowFunctionExpression":{"enter":[null]},"ClassMethod":{"enter":[null]},"ClassPrivateMethod":{"enter":[null]},"ForInStatement":{"enter":[null]},"ForOfStatement":{"enter":[null]}},"options":{}},{"key":"proposal-logical-assignment-operators","visitor":{"_exploded":{},"_verified":{},"AssignmentExpression":{"enter":[null]}},"options":{}},{"key":"transform-arrow-functions","visitor":{"ArrowFunctionExpression":{"enter":[null]},"_exploded":true,"_verified":true},"options":{}},{"key":"transform-block-scoped-functions","visitor":{"BlockStatement":{"enter":[null]},"SwitchCase":{"enter":[null]},"_exploded":true,"_verified":true},"options":{}},{"key":"transform-block-scoping","visitor":{"VariableDeclaration":{"enter":[null]},"CatchClause":{"enter":[null]},"_exploded":true,"BlockStatement":{"enter":[null]},"SwitchStatement":{"enter":[null]},"Program":{"enter":[null]},"_verified":true,"DoWhileStatement":{"enter":[null]},"ForInStatement":{"enter":[null]},"ForStatement":{"enter":[null]},"WhileStatement":{"enter":[null]},"ForOfStatement":{"enter":[null]}},"options":{}},{"key":"transform-classes","visitor":{"ExportDefaultDeclaration":{"enter":[null]},"ClassDeclaration":{"enter":[null]},"ClassExpression":{"enter":[null]},"_exploded":true,"_verified":true},"options":{"loose":true}},{"key":"transform-computed-properties","visitor":{"ObjectExpression":{"exit":[null]},"_exploded":true,"_verified":true},"options":{"loose":true}},{"key":"transform-destructuring","visitor":{"ExportNamedDeclaration":{"enter":[null]},"CatchClause":{"enter":[null]},"AssignmentExpression":{"enter":[null]},"VariableDeclaration":{"enter":[null]},"_exploded":true,"_verified":true,"ForInStatement":{"enter":[null]},"ForOfStatement":{"enter":[null]}},"options":{}},{"key":"transform-for-of","visitor":{"ForOfStatement":{"enter":[null]},"_exploded":true,"_verified":true},"options":{"loose":true}},{"key":"transform-literals","visitor":{"NumericLiteral":{"enter":[null]},"StringLiteral":{"enter":[null]},"_exploded":true,"_verified":true},"options":{}},{"key":"transform-object-super","visitor":{"ObjectExpression":{"enter":[null]},"_exploded":true,"_verified":true},"options":{}},{"key":"transform-parameters","visitor":{"_exploded":true,"_verified":true,"FunctionDeclaration":{"enter":[null]},"FunctionExpression":{"enter":[null]},"ObjectMethod":{"enter":[null]},"ArrowFunctionExpression":{"enter":[null]},"ClassMethod":{"enter":[null]},"ClassPrivateMethod":{"enter":[null]}},"options":{}},{"key":"transform-shorthand-properties","visitor":{"ObjectMethod":{"enter":[null]},"ObjectProperty":{"enter":[null]},"_exploded":true,"_verified":true},"options":{}},{"key":"transform-spread","visitor":{"ArrayExpression":{"enter":[null]},"CallExpression":{"enter":[null]},"NewExpression":{"enter":[null]},"_exploded":true,"_verified":true},"options":{}},{"key":"transform-sticky-regex","visitor":{"RegExpLiteral":{"enter":[null]},"_exploded":true,"_verified":true},"options":{}},{"key":"transform-template-literals","visitor":{"TaggedTemplateExpression":{"enter":[null]},"TemplateLiteral":{"enter":[null]},"_exploded":true,"_verified":true},"options":{"loose":true}},{"key":"transform-typeof-symbol","visitor":{"UnaryExpression":{"enter":[null]},"_exploded":true,"_verified":true,"BlockStatement":{"enter":[null]},"CatchClause":{"enter":[null]},"DoWhileStatement":{"enter":[null]},"ForInStatement":{"enter":[null]},"ForStatement":{"enter":[null]},"FunctionDeclaration":{"enter":[null]},"FunctionExpression":{"enter":[null]},"Program":{"enter":[null]},"ObjectMethod":{"enter":[null]},"SwitchStatement":{"enter":[null]},"WhileStatement":{"enter":[null]},"ArrowFunctionExpression":{"enter":[null]},"ClassExpression":{"enter":[null]},"ClassDeclaration":{"enter":[null]},"ForOfStatement":{"enter":[null]},"ClassMethod":{"enter":[null]},"ClassPrivateMethod":{"enter":[null]},"StaticBlock":{"enter":[null]},"TSModuleBlock":{"enter":[null]},"AssignmentPattern":{"enter":[null]},"ArrayPattern":{"enter":[null]},"ObjectPattern":{"enter":[null]}},"options":{}},{"key":"transform-unicode-regex","visitor":{"RegExpLiteral":{"enter":[null]},"_exploded":true,"_verified":true},"options":{}},{"key":"transform-property-literals","visitor":{"ObjectProperty":{"exit":[null]},"_exploded":true,"_verified":true},"options":{}},{"key":"transform-exponentiation-operator","visitor":{"AssignmentExpression":{"enter":[null]},"BinaryExpression":{"enter":[null]},"_exploded":true,"_verified":true},"options":{}},{"key":"regenerator-transform","visitor":{"_exploded":true,"_verified":true,"ObjectMethod":{"enter":[null],"exit":[null]},"ClassMethod":{"enter":[null],"exit":[null]},"ClassPrivateMethod":{"enter":[null],"exit":[null]},"FunctionDeclaration":{"exit":[null]},"FunctionExpression":{"exit":[null]},"ArrowFunctionExpression":{"exit":[null]}},"options":{}}],"presets":[],"generatorOpts":{"filename":"/home/matheuswm/Downloads/teste/packages/id-map/id-map.js","comments":true,"compact":false,"sourceMaps":true,"sourceFileName":"packages/id-map/id-map.js"}},"code":"var _createForOfIteratorHelperLoose;\n\nmodule.link(\"@babel/runtime/helpers/createForOfIteratorHelperLoose\", {\n  default: function (v) {\n    _createForOfIteratorHelperLoose = v;\n  }\n}, 0);\n\nvar _slicedToArray;\n\nmodule.link(\"@babel/runtime/helpers/slicedToArray\", {\n  default: function (v) {\n    _slicedToArray = v;\n  }\n}, 1);\nmodule.export({\n  IdMap: function () {\n    return IdMap;\n  }\n});\n\nvar IdMap = /*#__PURE__*/function () {\n  function IdMap(idStringify, idParse) {\n    this._map = new Map();\n    this._idStringify = idStringify || JSON.stringify;\n    this._idParse = idParse || JSON.parse;\n  } // Some of these methods are designed to match methods on OrderedDict, since\n  // (eg) ObserveMultiplex and _CachingChangeObserver use them interchangeably.\n  // (Conceivably, this should be replaced with \"UnorderedDict\" with a specific\n  // set of methods that overlap between the two.)\n\n\n  var _proto = IdMap.prototype;\n\n  _proto.get = function () {\n    function get(id) {\n      var key = this._idStringify(id);\n\n      return this._map.get(key);\n    }\n\n    return get;\n  }();\n\n  _proto.set = function () {\n    function set(id, value) {\n      var key = this._idStringify(id);\n\n      this._map.set(key, value);\n    }\n\n    return set;\n  }();\n\n  _proto.remove = function () {\n    function remove(id) {\n      var key = this._idStringify(id);\n\n      this._map.delete(key);\n    }\n\n    return remove;\n  }();\n\n  _proto.has = function () {\n    function has(id) {\n      var key = this._idStringify(id);\n\n      return this._map.has(key);\n    }\n\n    return has;\n  }();\n\n  _proto.empty = function () {\n    function empty() {\n      return this._map.size === 0;\n    }\n\n    return empty;\n  }();\n\n  _proto.clear = function () {\n    function clear() {\n      this._map.clear();\n    }\n\n    return clear;\n  }() // Iterates over the items in the map. Return `false` to break the loop.\n  ;\n\n  _proto.forEach = function () {\n    function forEach(iterator) {\n      // don't use _.each, because we can't break out of it.\n      for (var _iterator = _createForOfIteratorHelperLoose(this._map), _step; !(_step = _iterator()).done;) {\n        var _ref = _step.value;\n\n        var _ref2 = _slicedToArray(_ref, 2);\n\n        var key = _ref2[0];\n        var value = _ref2[1];\n        var breakIfFalse = iterator.call(null, value, this._idParse(key));\n\n        if (breakIfFalse === false) {\n          return;\n        }\n      }\n    }\n\n    return forEach;\n  }();\n\n  _proto.size = function () {\n    function size() {\n      return this._map.size;\n    }\n\n    return size;\n  }();\n\n  _proto.setDefault = function () {\n    function setDefault(id, def) {\n      var key = this._idStringify(id);\n\n      if (this._map.has(key)) {\n        return this._map.get(key);\n      }\n\n      this._map.set(key, def);\n\n      return def;\n    }\n\n    return setDefault;\n  }() // Assumes that values are EJSON-cloneable, and that we don't need to clone\n  // IDs (ie, that nobody is going to mutate an ObjectId).\n  ;\n\n  _proto.clone = function () {\n    function clone() {\n      var clone = new IdMap(this._idStringify, this._idParse); // copy directly to avoid stringify/parse overhead\n\n      this._map.forEach(function (value, key) {\n        clone._map.set(key, EJSON.clone(value));\n      });\n\n      return clone;\n    }\n\n    return clone;\n  }();\n\n  return IdMap;\n}();","map":{"version":3,"sources":["packages/id-map/id-map.js"],"names":["_createForOfIteratorHelperLoose","module","link","default","v","_slicedToArray","export","IdMap","idStringify","idParse","_map","Map","_idStringify","JSON","stringify","_idParse","parse","get","id","key","set","value","remove","delete","has","empty","size","clear","forEach","iterator","breakIfFalse","call","setDefault","def","clone","EJSON"],"mappings":"AAAA,IAAIA,+BAAJ;;AAAoCC,MAAM,CAACC,IAAP,CAAY,uDAAZ,EAAoE;AAACC,EAAAA,OAAO,EAAC,UAASC,CAAT,EAAW;AAACJ,IAAAA,+BAA+B,GAACI,CAAhC;AAAkC;AAAvD,CAApE,EAA6H,CAA7H;;AAAgI,IAAIC,cAAJ;;AAAmBJ,MAAM,CAACC,IAAP,CAAY,sCAAZ,EAAmD;AAACC,EAAAA,OAAO,EAAC,UAASC,CAAT,EAAW;AAACC,IAAAA,cAAc,GAACD,CAAf;AAAiB;AAAtC,CAAnD,EAA2F,CAA3F;AAAvLH,MAAM,CAACK,MAAP,CAAc;AAACC,EAAAA,KAAK,EAAC,YAAU;AAAC,WAAOA,KAAP;AAAa;AAA/B,CAAd;;IACaA,K;AACX,iBAAYC,WAAZ,EAAyBC,OAAzB,EAAkC;AAChC,SAAKC,IAAL,GAAY,IAAIC,GAAJ,EAAZ;AACA,SAAKC,YAAL,GAAoBJ,WAAW,IAAIK,IAAI,CAACC,SAAxC;AACA,SAAKC,QAAL,GAAgBN,OAAO,IAAII,IAAI,CAACG,KAAhC;AACD,G,CAEH;AACA;AACA;AACA;;;;;SAEEC,G;AAAA,iBAAIC,EAAJ,EAAQ;AACN,UAAMC,GAAG,GAAG,KAAKP,YAAL,CAAkBM,EAAlB,CAAZ;;AACA,aAAO,KAAKR,IAAL,CAAUO,GAAV,CAAcE,GAAd,CAAP;AACD;;;;;SAEDC,G;AAAA,iBAAIF,EAAJ,EAAQG,KAAR,EAAe;AACb,UAAMF,GAAG,GAAG,KAAKP,YAAL,CAAkBM,EAAlB,CAAZ;;AACA,WAAKR,IAAL,CAAUU,GAAV,CAAcD,GAAd,EAAmBE,KAAnB;AACD;;;;;SAEDC,M;AAAA,oBAAOJ,EAAP,EAAW;AACT,UAAMC,GAAG,GAAG,KAAKP,YAAL,CAAkBM,EAAlB,CAAZ;;AACA,WAAKR,IAAL,CAAUa,MAAV,CAAiBJ,GAAjB;AACD;;;;;SAEDK,G;AAAA,iBAAIN,EAAJ,EAAQ;AACN,UAAMC,GAAG,GAAG,KAAKP,YAAL,CAAkBM,EAAlB,CAAZ;;AACA,aAAO,KAAKR,IAAL,CAAUc,GAAV,CAAcL,GAAd,CAAP;AACD;;;;;SAEDM,K;AAAA,qBAAQ;AACN,aAAO,KAAKf,IAAL,CAAUgB,IAAV,KAAmB,CAA1B;AACD;;;;;SAEDC,K;AAAA,qBAAQ;AACN,WAAKjB,IAAL,CAAUiB,KAAV;AACD;;;MAED;;;SACAC,O;AAAA,qBAAQC,QAAR,EAAkB;AAChB;AACA,2DAAyB,KAAKnB,IAA9B,wCAAmC;AAAA;;AAAA;;AAAA,YAAzBS,GAAyB;AAAA,YAApBE,KAAoB;AACjC,YAAMS,YAAY,GAAGD,QAAQ,CAACE,IAAT,CACnB,IADmB,EAEnBV,KAFmB,EAGnB,KAAKN,QAAL,CAAcI,GAAd,CAHmB,CAArB;;AAKA,YAAIW,YAAY,KAAK,KAArB,EAA4B;AAC1B;AACD;AACF;AACF;;;;;SAEDJ,I;AAAA,oBAAO;AACL,aAAO,KAAKhB,IAAL,CAAUgB,IAAjB;AACD;;;;;SAEDM,U;AAAA,wBAAWd,EAAX,EAAee,GAAf,EAAoB;AAClB,UAAMd,GAAG,GAAG,KAAKP,YAAL,CAAkBM,EAAlB,CAAZ;;AACA,UAAI,KAAKR,IAAL,CAAUc,GAAV,CAAcL,GAAd,CAAJ,EAAwB;AACtB,eAAO,KAAKT,IAAL,CAAUO,GAAV,CAAcE,GAAd,CAAP;AACD;;AACD,WAAKT,IAAL,CAAUU,GAAV,CAAcD,GAAd,EAAmBc,GAAnB;;AACA,aAAOA,GAAP;AACD;;;MAED;AACA;;;SACAC,K;AAAA,qBAAQ;AACN,UAAMA,KAAK,GAAG,IAAI3B,KAAJ,CAAU,KAAKK,YAAf,EAA6B,KAAKG,QAAlC,CAAd,CADM,CAEN;;AACA,WAAKL,IAAL,CAAUkB,OAAV,CAAkB,UAASP,KAAT,EAAgBF,GAAhB,EAAoB;AACpCe,QAAAA,KAAK,CAACxB,IAAN,CAAWU,GAAX,CAAeD,GAAf,EAAoBgB,KAAK,CAACD,KAAN,CAAYb,KAAZ,CAApB;AACD,OAFD;;AAGA,aAAOa,KAAP;AACD","sourcesContent":["\nexport class IdMap {\n  constructor(idStringify, idParse) {\n    this._map = new Map();\n    this._idStringify = idStringify || JSON.stringify;\n    this._idParse = idParse || JSON.parse;\n  }\n\n// Some of these methods are designed to match methods on OrderedDict, since\n// (eg) ObserveMultiplex and _CachingChangeObserver use them interchangeably.\n// (Conceivably, this should be replaced with \"UnorderedDict\" with a specific\n// set of methods that overlap between the two.)\n\n  get(id) {\n    const key = this._idStringify(id);\n    return this._map.get(key);\n  }\n\n  set(id, value) {\n    const key = this._idStringify(id);\n    this._map.set(key, value);\n  }\n\n  remove(id) {\n    const key = this._idStringify(id);\n    this._map.delete(key);\n  }\n\n  has(id) {\n    const key = this._idStringify(id);\n    return this._map.has(key);\n  }\n\n  empty() {\n    return this._map.size === 0;\n  }\n\n  clear() {\n    this._map.clear();\n  }\n\n  // Iterates over the items in the map. Return `false` to break the loop.\n  forEach(iterator) {\n    // don't use _.each, because we can't break out of it.\n    for (let [key, value] of this._map){\n      const breakIfFalse = iterator.call(\n        null,\n        value,\n        this._idParse(key)\n      );\n      if (breakIfFalse === false) {\n        return;\n      }\n    }\n  }\n\n  size() {\n    return this._map.size;\n  }\n\n  setDefault(id, def) {\n    const key = this._idStringify(id);\n    if (this._map.has(key)) {\n      return this._map.get(key);\n    }\n    this._map.set(key, def);\n    return def;\n  }\n\n  // Assumes that values are EJSON-cloneable, and that we don't need to clone\n  // IDs (ie, that nobody is going to mutate an ObjectId).\n  clone() {\n    const clone = new IdMap(this._idStringify, this._idParse);\n    // copy directly to avoid stringify/parse overhead\n    this._map.forEach(function(value, key){\n      clone._map.set(key, EJSON.clone(value));\n    });\n    return clone;\n  }\n}\n"]},"sourceType":"module","hash":"af273189a4ee5d2992c985fcb7e71fa393435931"}
