{"metadata":{},"options":{"assumptions":{},"compact":false,"sourceMaps":true,"ast":true,"babelrc":false,"configFile":false,"parserOpts":{"sourceType":"module","sourceFileName":"/home/matheuswm/Downloads/teste/packages/random/main_client.js","plugins":["*","flow","jsx","asyncGenerators","bigInt","classPrivateMethods","classPrivateProperties","classProperties","doExpressions","dynamicImport","exportDefaultFrom","exportExtensions","exportNamespaceFrom","functionBind","functionSent","importMeta","nullishCoalescingOperator","numericSeparator","objectRestSpread","optionalCatchBinding","optionalChaining",["pipelineOperator",{"proposal":"minimal"}],"throwExpressions","classProperties","classPrivateProperties","jsx","nullishCoalescingOperator","nullishCoalescingOperator","optionalChaining","optionalCatchBinding","optionalCatchBinding","classProperties","classPrivateProperties","classPrivateMethods","classProperties","classPrivateProperties","asyncGenerators","asyncGenerators","objectRestSpread","objectRestSpread","logicalAssignment"],"allowImportExportEverywhere":true,"allowReturnOutsideFunction":true,"allowUndeclaredExports":true,"strictMode":false},"caller":{"name":"meteor","arch":"web.browser"},"sourceFileName":"packages/random/main_client.js","filename":"/home/matheuswm/Downloads/teste/packages/random/main_client.js","targets":{},"cloneInputAst":true,"browserslistConfigFile":false,"passPerPreset":false,"envName":"development","cwd":"/home/matheuswm/Downloads/teste","root":"/home/matheuswm/Downloads/teste","rootMode":"root","plugins":[{"key":"base$0","visitor":{"_exploded":true,"_verified":true},"options":{}},{"key":"base$0$0","visitor":{"Program":{"enter":[null],"exit":[null]},"_exploded":true,"_verified":true},"options":{"avoidModernSyntax":false,"enforceStrictMode":false,"dynamicImport":true,"generateLetDeclarations":true}},{"key":"transform-runtime","visitor":{"MemberExpression":{"enter":[null]},"ObjectPattern":{"enter":[null]},"BinaryExpression":{"enter":[null]},"_exploded":{},"_verified":{},"Identifier":{"enter":[null]},"JSXIdentifier":{"enter":[null]}},"options":{"version":"7.15.3","helpers":true,"useESModules":false,"corejs":false}},{"key":"proposal-class-properties","visitor":{"PrivateName":{"enter":[null]},"ExportDefaultDeclaration":{"enter":[null]},"_exploded":true,"_verified":true,"ClassExpression":{"enter":[null]},"ClassDeclaration":{"enter":[null]}},"options":{"loose":true}},{"key":"transform-react-jsx","visitor":{"_exploded":{},"_verified":{},"JSXNamespacedName":{"enter":[null]},"JSXSpreadChild":{"enter":[null]},"Program":{"enter":[null]},"JSXElement":{"exit":[null]},"JSXFragment":{"exit":[null]},"JSXAttribute":{"enter":[null]}},"options":{"pragma":"React.createElement","pragmaFrag":"React.Fragment","runtime":"classic","throwIfNamespace":true,"useBuiltIns":false}},{"key":"transform-react-display-name","visitor":{"ExportDefaultDeclaration":{"enter":[null]},"CallExpression":{"enter":[null]},"_exploded":true,"_verified":true},"options":{}},{"key":"transform-react-pure-annotations","visitor":{"CallExpression":{"enter":[null]},"_exploded":true,"_verified":true},"options":{}},{"key":"syntax-nullish-coalescing-operator","visitor":{"_exploded":true,"_verified":true},"options":{}},{"key":"proposal-nullish-coalescing-operator","visitor":{"_exploded":{},"_verified":{},"LogicalExpression":{"enter":[null]}},"options":{}},{"key":"syntax-optional-chaining","visitor":{"_exploded":true,"_verified":true},"options":{}},{"key":"proposal-optional-chaining","visitor":{"_exploded":true,"OptionalCallExpression":{"enter":[null]},"OptionalMemberExpression":{"enter":[null]},"_verified":true},"options":{}},{"key":"syntax-optional-catch-binding","visitor":{"_exploded":true,"_verified":true},"options":{}},{"key":"proposal-optional-catch-binding","visitor":{"_exploded":{},"_verified":{},"CatchClause":{"enter":[null]}},"options":{}},{"key":"syntax-class-properties","visitor":{"_exploded":true,"_verified":true},"options":{}},{"key":"proposal-class-properties","visitor":{"PrivateName":{"enter":[null]},"ExportDefaultDeclaration":{"enter":[null]},"_exploded":true,"_verified":true,"ClassExpression":{"enter":[null]},"ClassDeclaration":{"enter":[null]}},"options":{}},{"key":"syntax-async-generators","visitor":{"_exploded":true,"_verified":true},"options":{}},{"key":"proposal-async-generator-functions","visitor":{"_exploded":{},"_verified":{},"Program":{"enter":[null]}},"options":{}},{"key":"syntax-object-rest-spread","visitor":{"_exploded":true,"_verified":true},"options":{}},{"key":"proposal-object-rest-spread","visitor":{"_exploded":{},"_verified":{},"VariableDeclarator":{"enter":[null]},"ExportNamedDeclaration":{"enter":[null]},"CatchClause":{"enter":[null]},"AssignmentExpression":{"enter":[null]},"ArrayPattern":{"enter":[null]},"ObjectExpression":{"enter":[null]},"FunctionDeclaration":{"enter":[null]},"FunctionExpression":{"enter":[null]},"ObjectMethod":{"enter":[null]},"ArrowFunctionExpression":{"enter":[null]},"ClassMethod":{"enter":[null]},"ClassPrivateMethod":{"enter":[null]},"ForInStatement":{"enter":[null]},"ForOfStatement":{"enter":[null]}},"options":{}},{"key":"proposal-logical-assignment-operators","visitor":{"_exploded":{},"_verified":{},"AssignmentExpression":{"enter":[null]}},"options":{}},{"key":"transform-literals","visitor":{"NumericLiteral":{"enter":[null]},"StringLiteral":{"enter":[null]},"_exploded":true,"_verified":true},"options":{}},{"key":"transform-template-literals","visitor":{"TaggedTemplateExpression":{"enter":[null]},"TemplateLiteral":{"enter":[null]},"_exploded":true,"_verified":true},"options":{}},{"key":"transform-parameters","visitor":{"_exploded":true,"_verified":true,"FunctionDeclaration":{"enter":[null]},"FunctionExpression":{"enter":[null]},"ObjectMethod":{"enter":[null]},"ArrowFunctionExpression":{"enter":[null]},"ClassMethod":{"enter":[null]},"ClassPrivateMethod":{"enter":[null]}},"options":{}},{"key":"transform-exponentiation-operator","visitor":{"AssignmentExpression":{"enter":[null]},"BinaryExpression":{"enter":[null]},"_exploded":true,"_verified":true},"options":{}}],"presets":[],"generatorOpts":{"filename":"/home/matheuswm/Downloads/teste/packages/random/main_client.js","comments":true,"compact":false,"sourceMaps":true,"sourceFileName":"packages/random/main_client.js"}},"code":"module.export({\n  Random: () => Random\n});\nlet BrowserRandomGenerator;\nmodule.link(\"./BrowserRandomGenerator\", {\n  default(v) {\n    BrowserRandomGenerator = v;\n  }\n\n}, 0);\nlet createAleaGeneratorWithGeneratedSeed;\nmodule.link(\"./createAleaGenerator\", {\n  default(v) {\n    createAleaGeneratorWithGeneratedSeed = v;\n  }\n\n}, 1);\nlet createRandom;\nmodule.link(\"./createRandom\", {\n  default(v) {\n    createRandom = v;\n  }\n\n}, 2);\nlet generator;\n\nif (typeof window !== 'undefined' && window.crypto && window.crypto.getRandomValues) {\n  generator = new BrowserRandomGenerator();\n} else {\n  // On IE 10 and below, there's no browser crypto API\n  // available. Fall back to Alea\n  //\n  // XXX looks like at the moment, we use Alea in IE 11 as well,\n  // which has `window.msCrypto` instead of `window.crypto`.\n  generator = createAleaGeneratorWithGeneratedSeed();\n}\n\nconst Random = createRandom(generator);","map":{"version":3,"sources":["packages/random/main_client.js"],"names":["module","export","Random","BrowserRandomGenerator","link","default","v","createAleaGeneratorWithGeneratedSeed","createRandom","generator","window","crypto","getRandomValues"],"mappings":"AAAAA,MAAM,CAACC,MAAP,CAAc;AAACC,EAAAA,MAAM,EAAC,MAAIA;AAAZ,CAAd;AAAmC,IAAIC,sBAAJ;AAA2BH,MAAM,CAACI,IAAP,CAAY,0BAAZ,EAAuC;AAACC,EAAAA,OAAO,CAACC,CAAD,EAAG;AAACH,IAAAA,sBAAsB,GAACG,CAAvB;AAAyB;;AAArC,CAAvC,EAA8E,CAA9E;AAAiF,IAAIC,oCAAJ;AAAyCP,MAAM,CAACI,IAAP,CAAY,uBAAZ,EAAoC;AAACC,EAAAA,OAAO,CAACC,CAAD,EAAG;AAACC,IAAAA,oCAAoC,GAACD,CAArC;AAAuC;;AAAnD,CAApC,EAAyF,CAAzF;AAA4F,IAAIE,YAAJ;AAAiBR,MAAM,CAACI,IAAP,CAAY,gBAAZ,EAA6B;AAACC,EAAAA,OAAO,CAACC,CAAD,EAAG;AAACE,IAAAA,YAAY,GAACF,CAAb;AAAe;;AAA3B,CAA7B,EAA0D,CAA1D;AAWrS,IAAIG,SAAJ;;AACA,IAAI,OAAOC,MAAP,KAAkB,WAAlB,IAAiCA,MAAM,CAACC,MAAxC,IACFD,MAAM,CAACC,MAAP,CAAcC,eADhB,EACiC;AAC/BH,EAAAA,SAAS,GAAG,IAAIN,sBAAJ,EAAZ;AACD,CAHD,MAGO;AACL;AACA;AACA;AACA;AACA;AACAM,EAAAA,SAAS,GAAGF,oCAAoC,EAAhD;AACD;;AAGM,MAAML,MAAM,GAAGM,YAAY,CAACC,SAAD,CAA3B","sourcesContent":["// We use cryptographically strong PRNGs (window.crypto.getRandomValues())\n// when available. If these PRNGs fail, we fall back to the Alea PRNG, which is \n// not cryptographically strong, and we seed it with various sources \n// such as the date, Math.random, and window size on the client.\n// When using window.crypto.getRandomValues() or alea, the primitive is fraction \n// and we use that to construct hex string.\n\nimport BrowserRandomGenerator from './BrowserRandomGenerator';\nimport createAleaGeneratorWithGeneratedSeed from './createAleaGenerator';\nimport createRandom from './createRandom';\n\nlet generator;\nif (typeof window !== 'undefined' && window.crypto &&\n  window.crypto.getRandomValues) {\n  generator = new BrowserRandomGenerator();\n} else {\n  // On IE 10 and below, there's no browser crypto API\n  // available. Fall back to Alea\n  //\n  // XXX looks like at the moment, we use Alea in IE 11 as well,\n  // which has `window.msCrypto` instead of `window.crypto`.\n  generator = createAleaGeneratorWithGeneratedSeed();\n}\n\n\nexport const Random = createRandom(generator);\n"]},"sourceType":"module","hash":"d3501d0c5c7aae54b13de29e57d37494f7fab25c"}
